File ID	File Name	Data Category	Data Type	Project ID	Case ID	Sample ID	Tissue Type	Tumor Descriptor	Specimen Type	Preservation Method
70f17418-6373-4928-ac14-64c61fa0650a	dcd92f62-bed1-4718-a918-6eda2855366a.rna_seq.augmented_star_gene_counts.tsv	Transcriptome Profiling	Gene Expression Quantification	HCMI-CMDC	HCM-EXPT-1227-C18	HCM-EXPT-1227-C18-01A	Tumor	Primary	Solid Tissue	Frozen
e71729c6-aba1-4504-9534-ad884a7f7577	5e1b3528-dc3b-43ef-93ab-7285763fefe7.rna_seq.augmented_star_gene_counts.tsv	Transcriptome Profiling	Gene Expression Quantification	HCMI-CMDC	HCM-CSHL-0393-C18	HCM-CSHL-0393-C18-85A	Tumor	Metastatic	3D Organoid	Frozen
065eb382-fa9a-4835-a06d-16f580a57c5b	067aebac-7913-4b55-9b84-3e2dccdcb58b.rna_seq.augmented_star_gene_counts.tsv	Transcriptome Profiling	Gene Expression Quantification	HCMI-CMDC	HCM-EXPT-1235-C18	HCM-EXPT-1235-C18-01A	Tumor	Primary	Solid Tissue	Frozen
b924b26d-59a5-4977-9035-16e8738da4d8	83128eeb-a9b2-4af9-abfa-7992b292e198.rna_seq.augmented_star_gene_counts.tsv	Transcriptome Profiling	Gene Expression Quantification	HCMI-CMDC	HCM-EXPT-1226-C18	HCM-EXPT-1226-C18-01A	Tumor	Primary	Solid Tissue	Frozen
60a674ab-da56-4ca6-924f-69ac1f056f58	05a71798-3185-4538-bb29-ecb2c2a6bd79.rna_seq.augmented_star_gene_counts.tsv	Transcriptome Profiling	Gene Expression Quantification	HCMI-CMDC	HCM-EXPT-1238-C18	HCM-EXPT-1238-C18-01A	Tumor	Primary	Solid Tissue	Frozen
a06afd90-9204-4635-b4f2-14035675f01c	7179a2e9-1847-4628-9c05-136d6dd59b2b.rna_seq.augmented_star_gene_counts.tsv	Transcriptome Profiling	Gene Expression Quantification	HCMI-CMDC	HCM-EXPT-1155-C18	HCM-EXPT-1155-C18-06A	Tumor	Metastatic	Solid Tissue	Frozen
ff710149-0fc6-464a-93cb-e3b9bdcf3525	dfb9c45f-cb52-4e36-b663-1a9e8c7c0b47.rna_seq.augmented_star_gene_counts.tsv	Transcriptome Profiling	Gene Expression Quantification	TCGA-COAD	TCGA-AA-3561	TCGA-AA-3561-01A	Tumor	Primary	Unknown	Unknown
08c9b174-59f5-4d74-8f01-99fbd2531f20	fec205e8-388c-47a2-9400-ec9fe2e0fab1.rna_seq.augmented_star_gene_counts.tsv	Transcriptome Profiling	Gene Expression Quantification	TCGA-COAD	TCGA-A6-6653	TCGA-A6-6653-01A	Tumor	Primary	Solid Tissue	Unknown
c4ac41f0-1880-4fc0-a9e9-69856a6c373d	bd844a66-bb61-4ba1-9301-1bdeec35620f.rna_seq.augmented_star_gene_counts.tsv	Transcriptome Profiling	Gene Expression Quantification	TCGA-COAD	TCGA-AA-3819	TCGA-AA-3819-01A	Tumor	Primary	Unknown	Unknown
fbf0b466-f383-441f-84ff-2513b6792b90	2cec663c-00c8-48b5-967b-f2a53c0fb409.rna_seq.augmented_star_gene_counts.tsv	Transcriptome Profiling	Gene Expression Quantification	TCGA-COAD	TCGA-D5-6534	TCGA-D5-6534-01A	Tumor	Primary	Solid Tissue	Unknown
1083930a-42f7-49dc-a448-f8cafa7313e5	8f45c6c4-b98d-4e0b-9bb0-b5be3894076d.rna_seq.augmented_star_gene_counts.tsv	Transcriptome Profiling	Gene Expression Quantification	TCGA-COAD	TCGA-AA-3837	TCGA-AA-3837-01A	Tumor	Primary	Unknown	Unknown
cd10bd5e-b75b-4d47-a103-9c259dcf1a19	c874c481-cff8-4e2d-99b1-3b5aeaaecb8e.rna_seq.augmented_star_gene_counts.tsv	Transcriptome Profiling	Gene Expression Quantification	TCGA-COAD	TCGA-A6-3810	TCGA-A6-3810-01A	Tumor	Primary	Solid Tissue	Unknown
a77adf63-487b-476e-bd33-903005c1dba9	12b633ae-2a36-40b0-a4a3-c1d5f021fa23.rna_seq.augmented_star_gene_counts.tsv	Transcriptome Profiling	Gene Expression Quantification	TCGA-COAD	TCGA-AA-3854	TCGA-AA-3854-01A	Tumor	Primary	Unknown	Unknown
20d2462a-fb40-451f-b555-22bd9ec41d52	c863c768-d9ec-4408-bcb1-a80f2c5257fd.rna_seq.augmented_star_gene_counts.tsv	Transcriptome Profiling	Gene Expression Quantification	TCGA-KIRP	TCGA-B1-A47M	TCGA-B1-A47M-01A	Tumor	Primary	Solid Tissue	OCT
986a8890-65eb-4fc6-bd57-c137d63567b4	0a47c453-b617-4cc1-9ce6-5c403e430d9b.rna_seq.augmented_star_gene_counts.tsv	Transcriptome Profiling	Gene Expression Quantification	TCGA-KIRP	TCGA-PJ-A5Z9	TCGA-PJ-A5Z9-01A	Tumor	Primary	Solid Tissue	OCT
3d32f846-0f92-43f9-8ae7-e0e03000e2f2	f0146da2-6dbd-4f0d-8056-5a40d0fb7495.rna_seq.augmented_star_gene_counts.tsv	Transcriptome Profiling	Gene Expression Quantification	TCGA-KIRP	TCGA-SX-A7SO	TCGA-SX-A7SO-01A	Tumor	Primary	Solid Tissue	Unknown
2c73d8ac-84b9-4094-9f5e-fbd6c2e8eabf	c8c7600d-2c13-4df1-b058-2d02432bd49e.rna_seq.augmented_star_gene_counts.tsv	Transcriptome Profiling	Gene Expression Quantification	TCGA-COAD	TCGA-AA-3688	TCGA-AA-3688-01A	Tumor	Primary	Unknown	Unknown
815fe2c4-9815-416b-b44f-9cd48c6aba89	be10ae89-8bc1-4ef3-aae2-8e49379d8649.rna_seq.augmented_star_gene_counts.tsv	Transcriptome Profiling	Gene Expression Quantification	TCGA-COAD	TCGA-AA-3516	TCGA-AA-3516-11A	Normal	Not Applicable	Solid Tissue	Unknown
f15bfb93-71dc-4593-9ef4-e5e909a8fe64	51b2184b-d837-47df-b157-8759c5fa2101.rna_seq.augmented_star_gene_counts.tsv	Transcriptome Profiling	Gene Expression Quantification	TCGA-COAD	TCGA-AA-3525	TCGA-AA-3525-11A	Normal	Not Applicable	Solid Tissue	Unknown
73ba2db0-55f1-41ef-a9c3-e480caab4edd	b83a1cf6-50a6-44fa-834d-8b3df88149fa.rna_seq.augmented_star_gene_counts.tsv	Transcriptome Profiling	Gene Expression Quantification	TCGA-COAD	TCGA-AA-3506	TCGA-AA-3506-01A	Tumor	Primary	Solid Tissue	Unknown
932db5dc-d38c-478c-8f8f-13b33282920a	6a9afc26-1b35-4752-b6c8-cb0bb595e012.rna_seq.augmented_star_gene_counts.tsv	Transcriptome Profiling	Gene Expression Quantification	TCGA-COAD	TCGA-AA-3713	TCGA-AA-3713-11A	Normal	Not Applicable	Solid Tissue	Unknown
477b8769-8e6d-408d-a1d6-a57ece08fb9a	45bb01dd-5506-42f2-9093-3ea378bec587.rna_seq.augmented_star_gene_counts.tsv	Transcriptome Profiling	Gene Expression Quantification	TCGA-COAD	TCGA-AA-3511	TCGA-AA-3511-11A	Normal	Not Applicable	Solid Tissue	Unknown
e119e5f6-aac4-4ccb-9cf1-78085f1821a9	0e1c98de-b4e2-4f42-beca-9948f867a46b.rna_seq.augmented_star_gene_counts.tsv	Transcriptome Profiling	Gene Expression Quantification	TCGA-COAD	TCGA-AA-3842	TCGA-AA-3842-01A	Tumor	Primary	Solid Tissue	Unknown
580959a1-736e-4dde-a794-b6f9dbc7e252	cddceb59-733b-48d1-9b75-46c9949f7794.rna_seq.augmented_star_gene_counts.tsv	Transcriptome Profiling	Gene Expression Quantification	TCGA-COAD	TCGA-AA-3544	TCGA-AA-3544-01A	Tumor	Primary	Unknown	Unknown
85adb9cd-3a7f-452c-8804-8e0a0fc499a1	9176b038-65e3-469d-a867-d99bc732e45d.rna_seq.augmented_star_gene_counts.tsv	Transcriptome Profiling	Gene Expression Quantification	TCGA-COAD	TCGA-AA-3975	TCGA-AA-3975-01A	Tumor	Primary	Solid Tissue	Unknown
b1b311b9-aae9-4f5d-b9df-60acd9f43c0b	ad16ffcf-fd80-4008-9309-c4fe1e757507.rna_seq.augmented_star_gene_counts.tsv	Transcriptome Profiling	Gene Expression Quantification	TCGA-COAD	TCGA-AA-3866	TCGA-AA-3866-01A	Tumor	Primary	Solid Tissue	Unknown
91a95c38-5ab7-4166-b4e7-64454cb3d06c	7b98348a-13f8-404a-9a1e-280ae481b6b0.rna_seq.augmented_star_gene_counts.tsv	Transcriptome Profiling	Gene Expression Quantification	TCGA-COAD	TCGA-AA-3844	TCGA-AA-3844-01A	Tumor	Primary	Solid Tissue	Unknown
a7affc28-aba2-41ab-8f5c-be859ae055dc	3ef878b7-f7c7-4ce5-ae5b-dac3f70155e7.rna_seq.augmented_star_gene_counts.tsv	Transcriptome Profiling	Gene Expression Quantification	TCGA-COAD	TCGA-AA-3549	TCGA-AA-3549-01A	Tumor	Primary	Unknown	Unknown
d6cff9b4-6b57-4ad9-8325-92d1232c7f39	7c6f92ab-6cf8-4293-b676-2619c40f6ee6.rna_seq.augmented_star_gene_counts.tsv	Transcriptome Profiling	Gene Expression Quantification	TCGA-COAD	TCGA-AA-3872	TCGA-AA-3872-01A	Tumor	Primary	Solid Tissue	Unknown
822091c7-86c2-4315-b6bb-d022149296d5	d342d71a-e556-401d-b17f-802d0d39e8c9.rna_seq.augmented_star_gene_counts.tsv	Transcriptome Profiling	Gene Expression Quantification	TCGA-COAD	TCGA-AD-6899	TCGA-AD-6899-01A	Tumor	Primary	Solid Tissue	Unknown
6484ba83-32ed-492e-99c9-8f78f7b530e1	4d347bfa-eb25-4e9d-9594-4e1d99545678.rna_seq.augmented_star_gene_counts.tsv	Transcriptome Profiling	Gene Expression Quantification	TCGA-COAD	TCGA-AA-3994	TCGA-AA-3994-01A	Tumor	Primary	Unknown	Unknown
0d6ba88c-ba7a-4e82-96b0-67e2b084b088	802f1041-19bc-4bec-8452-5e4b19a8100e.rna_seq.augmented_star_gene_counts.tsv	Transcriptome Profiling	Gene Expression Quantification	TCGA-COAD	TCGA-A6-3810	TCGA-A6-3810-01A	Tumor	Primary	Solid Tissue	Unknown
b168cdcd-5516-4d22-a0cf-57a2d7c274ec	852508b0-5a5e-4730-8c70-6aabc0aa88be.rna_seq.augmented_star_gene_counts.tsv	Transcriptome Profiling	Gene Expression Quantification	TCGA-COAD	TCGA-AA-3555	TCGA-AA-3555-01A	Tumor	Primary	Unknown	Unknown
8956b891-ff72-4207-a509-866e7bb62cce	1a7e9700-1994-4624-bfe9-e94f33ee3989.rna_seq.augmented_star_gene_counts.tsv	Transcriptome Profiling	Gene Expression Quantification	TCGA-LIHC	TCGA-BW-A5NQ	TCGA-BW-A5NQ-01A	Tumor	Primary	Unknown	Unknown
59ce4079-0da6-4339-8861-ad376b150f75	a4455185-5506-4392-bd54-5f9cda2274d2.rna_seq.augmented_star_gene_counts.tsv	Transcriptome Profiling	Gene Expression Quantification	TCGA-BRCA	TCGA-A8-A09I	TCGA-A8-A09I-01A	Tumor	Primary	Solid Tissue	Unknown
9054231e-9b1f-4ee4-b22c-1e9dbfdcfc03	06ce7b93-1264-4219-8a2f-d8f0d295e45f.rna_seq.augmented_star_gene_counts.tsv	Transcriptome Profiling	Gene Expression Quantification	TCGA-BRCA	TCGA-B6-A0X7	TCGA-B6-A0X7-01A	Tumor	Primary	Solid Tissue	OCT
5e863e9f-1449-4a38-ac00-cfd7c21ba6e2	fe379cd5-d51b-44b3-9adf-49e2cc3b0bf5.rna_seq.augmented_star_gene_counts.tsv	Transcriptome Profiling	Gene Expression Quantification	TCGA-BRCA	TCGA-AC-A3W5	TCGA-AC-A3W5-01A	Tumor	Primary	Solid Tissue	Unknown
7a8ce605-eb1c-4281-ac60-6a20a3e31eea	2cb79e67-cb85-48e3-871d-c6a452381e58.rna_seq.augmented_star_gene_counts.tsv	Transcriptome Profiling	Gene Expression Quantification	TCGA-BLCA	TCGA-GV-A3QK	TCGA-GV-A3QK-01B	Tumor	Primary	Unknown	OCT
c679154e-df11-4b05-9584-76437286d2ee	185b401a-bdc4-46b9-b2a5-7a66938f28f2.rna_seq.augmented_star_gene_counts.tsv	Transcriptome Profiling	Gene Expression Quantification	TCGA-COAD	TCGA-AA-3814	TCGA-AA-3814-01A	Tumor	Primary	Unknown	Unknown
9ade3932-9032-46d6-8171-c34a0dc51fce	8f1213be-da41-4cd6-97b2-f9fce1ea00ff.rna_seq.augmented_star_gene_counts.tsv	Transcriptome Profiling	Gene Expression Quantification	TCGA-COAD	TCGA-AA-3516	TCGA-AA-3516-01A	Tumor	Primary	Solid Tissue	Unknown
d6af00a8-d733-4788-aaf4-8522479eba2d	d25af392-21ad-4aa6-8669-34656bf71af5.rna_seq.augmented_star_gene_counts.tsv	Transcriptome Profiling	Gene Expression Quantification	TCGA-COAD	TCGA-A6-2682	TCGA-A6-2682-01A	Tumor	Primary	Solid Tissue	Unknown
becb812a-90b7-4b6f-ad39-5a0b7179b523	7b837bdd-5a59-47f6-a1aa-259142234bd5.rna_seq.augmented_star_gene_counts.tsv	Transcriptome Profiling	Gene Expression Quantification	TCGA-COAD	TCGA-AA-3662	TCGA-AA-3662-01A	Tumor	Primary	Solid Tissue	Unknown
411ef195-13d2-4c3a-b8df-b3e6150fe73d	d22c9285-50cf-4724-9f81-606fb54c00fc.rna_seq.augmented_star_gene_counts.tsv	Transcriptome Profiling	Gene Expression Quantification	TCGA-COAD	TCGA-AA-3562	TCGA-AA-3562-01A	Tumor	Primary	Unknown	Unknown
b315758e-62d1-408b-9510-fc0a4294f7ec	7f9dadec-d447-41be-a192-637ce36467da.rna_seq.augmented_star_gene_counts.tsv	Transcriptome Profiling	Gene Expression Quantification	TCGA-COAD	TCGA-AZ-6601	TCGA-AZ-6601-11A	Normal	Not Applicable	Solid Tissue	Unknown
f723420c-2ff1-4742-a4bb-8f525aaa43a7	6e639239-cdae-4412-880f-ef813a956ff7.rna_seq.augmented_star_gene_counts.tsv	Transcriptome Profiling	Gene Expression Quantification	TCGA-COAD	TCGA-AD-6548	TCGA-AD-6548-01A	Tumor	Primary	Solid Tissue	Unknown
9553502a-98ec-45f8-a597-fc0d0217d2a8	f0944087-afaa-4817-9529-e6e5a8c50ca7.rna_seq.augmented_star_gene_counts.tsv	Transcriptome Profiling	Gene Expression Quantification	TCGA-COAD	TCGA-AA-3811	TCGA-AA-3811-01A	Tumor	Primary	Solid Tissue	Unknown
f6ee3045-d3fb-4641-99d8-f1ecc13b3e2e	e563c3cd-6f05-4ab0-9579-90686b7561e8.rna_seq.augmented_star_gene_counts.tsv	Transcriptome Profiling	Gene Expression Quantification	TCGA-COAD	TCGA-AA-3697	TCGA-AA-3697-11A	Normal	Not Applicable	Solid Tissue	Unknown
60ef8c92-dcad-401e-b92e-09a51eb305f2	4925248f-21e2-476e-937c-02e0a748c77b.rna_seq.augmented_star_gene_counts.tsv	Transcriptome Profiling	Gene Expression Quantification	TCGA-COAD	TCGA-A6-6781	TCGA-A6-6781-01A	Tumor	Primary	Solid Tissue	Unknown
27404c59-9a94-4c61-ac2e-12bc30e12b4a	054d5602-4089-4f34-a667-14c8edbb4167.rna_seq.augmented_star_gene_counts.tsv	Transcriptome Profiling	Gene Expression Quantification	TCGA-COAD	TCGA-CA-5256	TCGA-CA-5256-01A	Tumor	Primary	Solid Tissue	Unknown
530bff57-a892-435d-94df-ddc7dbd45fb9	ba6ae99d-73a8-48a5-b038-749434ae2f11.rna_seq.augmented_star_gene_counts.tsv	Transcriptome Profiling	Gene Expression Quantification	TCGA-COAD	TCGA-A6-2686	TCGA-A6-2686-11A	Normal	Not Applicable	Solid Tissue	Unknown
65f0fed3-8b9c-4f73-9fad-78c9f2f5b7d3	3a957f25-6238-495b-97a8-383d1d89c411.rna_seq.augmented_star_gene_counts.tsv	Transcriptome Profiling	Gene Expression Quantification	TCGA-COAD	TCGA-D5-6932	TCGA-D5-6932-01A	Tumor	Primary	Solid Tissue	Unknown
a761bdb6-4b37-46aa-8d37-11ead152b70f	d837c3e6-ef78-42a0-8a39-c57d48bc7c3a.rna_seq.augmented_star_gene_counts.tsv	Transcriptome Profiling	Gene Expression Quantification	TCGA-COAD	TCGA-AA-3679	TCGA-AA-3679-01A	Tumor	Primary	Unknown	Unknown
b372b1ae-2345-4243-8bcd-47388289559f	6a7c5b76-1910-4698-a3b7-3ddf78d6fd87.rna_seq.augmented_star_gene_counts.tsv	Transcriptome Profiling	Gene Expression Quantification	TCGA-COAD	TCGA-CA-5254	TCGA-CA-5254-01A	Tumor	Primary	Solid Tissue	Unknown
806a4d03-fc17-4f66-9a1f-712b56695fff	632ac2fc-e387-461f-97e2-bc72b1c9ffe4.rna_seq.augmented_star_gene_counts.tsv	Transcriptome Profiling	Gene Expression Quantification	TCGA-COAD	TCGA-D5-6536	TCGA-D5-6536-01A	Tumor	Primary	Solid Tissue	Unknown
8165c64e-bff2-41f1-9ab7-a90beb4430de	1c3d6580-0dc8-4346-a4f7-0bb404d4a245.rna_seq.augmented_star_gene_counts.tsv	Transcriptome Profiling	Gene Expression Quantification	TCGA-COAD	TCGA-AA-3667	TCGA-AA-3667-01A	Tumor	Primary	Unknown	Unknown
7672438d-3825-4b67-90fa-68364b42360c	5ffcc7c5-661f-4eed-b5e6-ed158c668321.rna_seq.augmented_star_gene_counts.tsv	Transcriptome Profiling	Gene Expression Quantification	TCGA-COAD	TCGA-AA-3666	TCGA-AA-3666-01A	Tumor	Primary	Unknown	Unknown
9c1722f7-0125-48c9-9951-71d7729d951a	4b6234cb-85ed-43bf-8eba-e26c7d0c1133.rna_seq.augmented_star_gene_counts.tsv	Transcriptome Profiling	Gene Expression Quantification	TCGA-COAD	TCGA-AM-5820	TCGA-AM-5820-01A	Tumor	Primary	Solid Tissue	Unknown
afc66963-6f8d-4d99-a008-d44065e1cacf	2da96325-01f7-4e52-8d45-b1a5742775f0.rna_seq.augmented_star_gene_counts.tsv	Transcriptome Profiling	Gene Expression Quantification	TCGA-COAD	TCGA-D5-6898	TCGA-D5-6898-01A	Tumor	Primary	Solid Tissue	Unknown
2d8aabfb-62cf-4113-8baf-948d1cdc8712	f65f4ed5-9726-4eff-8638-63752686d2c9.rna_seq.augmented_star_gene_counts.tsv	Transcriptome Profiling	Gene Expression Quantification	TCGA-COAD	TCGA-F4-6461	TCGA-F4-6461-01A	Tumor	Primary	Solid Tissue	Unknown
32b62e42-3d6f-4315-aca9-b3718cd9f5b3	e841bc2a-5468-44ca-b9a4-f69475aa89d9.rna_seq.augmented_star_gene_counts.tsv	Transcriptome Profiling	Gene Expression Quantification	TCGA-COAD	TCGA-CA-5797	TCGA-CA-5797-01A	Tumor	Primary	Solid Tissue	Unknown
f71f1d9c-23e1-445f-80d1-455fae13ca09	f71ca79e-f5ef-437a-ab71-b54a2dc71014.rna_seq.augmented_star_gene_counts.tsv	Transcriptome Profiling	Gene Expression Quantification	TCGA-COAD	TCGA-AA-3982	TCGA-AA-3982-01A	Tumor	Primary	Solid Tissue	Unknown
f9171012-0462-4796-a87b-bdad96cdb9f4	c27efb38-3f6d-4dd1-b591-d2bea872d35f.rna_seq.augmented_star_gene_counts.tsv	Transcriptome Profiling	Gene Expression Quantification	TCGA-COAD	TCGA-D5-6929	TCGA-D5-6929-01A	Tumor	Primary	Solid Tissue	Unknown
c352def2-b28b-45f1-be0e-0fab2671fda2	edfd0bb8-1993-4cee-977e-6ad3de05d72e.rna_seq.augmented_star_gene_counts.tsv	Transcriptome Profiling	Gene Expression Quantification	TCGA-COAD	TCGA-AA-3494	TCGA-AA-3494-01A	Tumor	Primary	Solid Tissue	Unknown
3e022a8d-d2d4-40e2-8119-e1e027fc5f77	80bea63b-bc3a-4999-8c11-a35c92183cd7.rna_seq.augmented_star_gene_counts.tsv	Transcriptome Profiling	Gene Expression Quantification	TCGA-COAD	TCGA-AA-3841	TCGA-AA-3841-01A	Tumor	Primary	Unknown	Unknown
1530ffe4-22f1-40b1-96d8-57f1509a0171	32adc071-1061-45e9-9600-256135f594d9.rna_seq.augmented_star_gene_counts.tsv	Transcriptome Profiling	Gene Expression Quantification	TCGA-COAD	TCGA-AA-3941	TCGA-AA-3941-01A	Tumor	Primary	Solid Tissue	Unknown
5ad58131-d9d3-4ea3-9d04-18cf480e1480	d719788d-0c64-4488-bb84-ab5536d31a03.rna_seq.augmented_star_gene_counts.tsv	Transcriptome Profiling	Gene Expression Quantification	TCGA-COAD	TCGA-D5-6535	TCGA-D5-6535-01A	Tumor	Primary	Solid Tissue	Unknown
2315807c-35c4-422a-bf00-91b366d53113	3168d3ce-487b-4834-8370-ce8b73fc39ce.rna_seq.augmented_star_gene_counts.tsv	Transcriptome Profiling	Gene Expression Quantification	TCGA-COAD	TCGA-AA-3489	TCGA-AA-3489-11A	Normal	Not Applicable	Solid Tissue	Unknown
88473424-2ecc-4684-af54-42d6fad65ad1	43f847d6-bb0a-46f0-9193-dabf72330b4f.rna_seq.augmented_star_gene_counts.tsv	Transcriptome Profiling	Gene Expression Quantification	TCGA-COAD	TCGA-AA-3517	TCGA-AA-3517-11A	Normal	Not Applicable	Solid Tissue	Unknown
a1efa511-8c27-4eae-b3f0-aebacbf7df85	f3781318-56be-4a43-b72d-a6bb65ef9a88.rna_seq.augmented_star_gene_counts.tsv	Transcriptome Profiling	Gene Expression Quantification	TCGA-COAD	TCGA-A6-5657	TCGA-A6-5657-01A	Tumor	Primary	Solid Tissue	Unknown
9320a7d1-3c17-40a9-b632-defebb42b351	86912ac6-a602-492c-8d84-037c9fd614de.rna_seq.augmented_star_gene_counts.tsv	Transcriptome Profiling	Gene Expression Quantification	TCGA-COAD	TCGA-A6-2685	TCGA-A6-2685-11A	Normal	Not Applicable	Solid Tissue	Unknown
fbba778e-fd6d-4da5-a0b2-99d7dcc047d6	45b4921e-fce7-41f8-bb63-ed98343ceec8.rna_seq.augmented_star_gene_counts.tsv	Transcriptome Profiling	Gene Expression Quantification	TCGA-COAD	TCGA-A6-2685	TCGA-A6-2685-01A	Tumor	Primary	Solid Tissue	Unknown
f8903180-77d4-4d01-aeaf-a48fdc48db7d	aad90266-d469-4986-b260-d0df4c2f48e7.rna_seq.augmented_star_gene_counts.tsv	Transcriptome Profiling	Gene Expression Quantification	TCGA-COAD	TCGA-F4-6805	TCGA-F4-6805-01A	Tumor	Primary	Solid Tissue	Unknown
00000c20-b875-4821-8d4b-c50d7a7f9879	09743be0-4b54-4e31-aa66-c9202a49bd59.rna_seq.augmented_star_gene_counts.tsv	Transcriptome Profiling	Gene Expression Quantification	CGCI-HTMCP-LC	HTMCP-02-03-01004	HTMCP-02-03-01004-01A	Tumor	Primary	Unknown	Unknown
534054c8-b88f-4b5f-b718-f4ca8484b83c	4d33ae3d-d6e6-47cd-bb5d-52134a7bcf8d.rna_seq.augmented_star_gene_counts.tsv	Transcriptome Profiling	Gene Expression Quantification	TCGA-COAD	TCGA-AA-3692	TCGA-AA-3692-01A	Tumor	Primary	Unknown	Unknown
7f1068d7-4a53-4fcf-95b4-8abf5e6f5692	a8e85cdd-3770-40a0-837e-6962ec12fcf0.rna_seq.augmented_star_gene_counts.tsv	Transcriptome Profiling	Gene Expression Quantification	TCGA-COAD	TCGA-AA-3525	TCGA-AA-3525-01A	Tumor	Primary	Solid Tissue	Unknown
56afa170-4280-47db-91c8-f3260e42c756	d69e622a-6dee-48f3-bf06-7f6148d7472a.rna_seq.augmented_star_gene_counts.tsv	Transcriptome Profiling	Gene Expression Quantification	TCGA-COAD	TCGA-G4-6310	TCGA-G4-6310-01A	Tumor	Primary	Solid Tissue	Unknown
6e0857d0-5a52-4d0a-9d4b-af9d2e5c4e77	695836ff-c54b-47bf-8a29-5224811afa7e.rna_seq.augmented_star_gene_counts.tsv	Transcriptome Profiling	Gene Expression Quantification	TCGA-COAD	TCGA-G4-6628	TCGA-G4-6628-01A	Tumor	Primary	Solid Tissue	Unknown
adb1af0e-75e6-4a9f-924e-c8e05e69085c	0c5e45df-149d-4667-8154-312c5e6f246b.rna_seq.augmented_star_gene_counts.tsv	Transcriptome Profiling	Gene Expression Quantification	TCGA-COAD	TCGA-AA-3713	TCGA-AA-3713-01A	Tumor	Primary	Solid Tissue	Unknown
18fe6d09-5377-4c7e-a360-ca65b575444c	60bc0507-0349-4154-9db4-8d93b3e8bdf5.rna_seq.augmented_star_gene_counts.tsv	Transcriptome Profiling	Gene Expression Quantification	TCGA-COAD	TCGA-AA-3511	TCGA-AA-3511-01A	Tumor	Primary	Solid Tissue	Unknown
d2bb361b-c78c-482f-b4d4-bd77ac7c0f37	ad478846-0a75-4081-ac09-37ee5415d9b4.rna_seq.augmented_star_gene_counts.tsv	Transcriptome Profiling	Gene Expression Quantification	TCGA-COAD	TCGA-A6-6781	TCGA-A6-6781-01A	Tumor	Primary	Solid Tissue	Unknown
0c62b002-8912-4ce0-a2e5-41bc1e3f9996	f66a9fee-f63a-4398-b242-9c065bbe213d.rna_seq.augmented_star_gene_counts.tsv	Transcriptome Profiling	Gene Expression Quantification	TCGA-COAD	TCGA-A6-2676	TCGA-A6-2676-01A	Tumor	Primary	Solid Tissue	Unknown
a99d57f4-b2d3-4373-883f-1b409e73fd46	d808edd8-865e-4004-891c-dc10f5c146e6.rna_seq.augmented_star_gene_counts.tsv	Transcriptome Profiling	Gene Expression Quantification	TCGA-COAD	TCGA-F4-6570	TCGA-F4-6570-01A	Tumor	Primary	Solid Tissue	Unknown
a64548d5-604d-4c26-81c0-9928eb95b0d0	cc158c27-a2f0-4403-ae01-913bfcc623cc.rna_seq.augmented_star_gene_counts.tsv	Transcriptome Profiling	Gene Expression Quantification	TCGA-COAD	TCGA-AA-3833	TCGA-AA-3833-01A	Tumor	Primary	Unknown	Unknown
6ec0647a-6f73-4c22-bed9-b65c2c4678da	79e6252e-2e14-42da-b3db-3e706f38b045.rna_seq.augmented_star_gene_counts.tsv	Transcriptome Profiling	Gene Expression Quantification	TCGA-COAD	TCGA-AA-3986	TCGA-AA-3986-01A	Tumor	Primary	Solid Tissue	Unknown
3e23d91a-21d1-49ea-955c-3a83300ecbbe	f22cfa82-a346-4fed-bc81-21a29bf990ee.rna_seq.augmented_star_gene_counts.tsv	Transcriptome Profiling	Gene Expression Quantification	TCGA-COAD	TCGA-A6-6654	TCGA-A6-6654-01A	Tumor	Primary	Solid Tissue	Unknown
1cb8f903-423c-47ff-ba6c-b3838a75cd22	bb3dc2ff-a686-483e-8d3c-e06649462881.rna_seq.augmented_star_gene_counts.tsv	Transcriptome Profiling	Gene Expression Quantification	TCGA-COAD	TCGA-A6-2681	TCGA-A6-2681-01A	Tumor	Primary	Solid Tissue	Unknown
b553a433-8cad-4eef-9110-574433755319	6946201b-e3f8-48e8-8614-28f2c2db5b65.rna_seq.augmented_star_gene_counts.tsv	Transcriptome Profiling	Gene Expression Quantification	TCGA-COAD	TCGA-AA-3980	TCGA-AA-3980-01A	Tumor	Primary	Solid Tissue	Unknown
8ac00cf3-69d6-46be-af59-10dd4b521fe0	0ae6d322-a938-4752-aac6-226e6687a297.rna_seq.augmented_star_gene_counts.tsv	Transcriptome Profiling	Gene Expression Quantification	TCGA-COAD	TCGA-AA-3856	TCGA-AA-3856-01A	Tumor	Primary	Unknown	Unknown
07576e90-dbad-4c35-8fcd-e9ef89c8addc	4e2a5058-c190-49de-97f4-0ba7be7ebfe8.rna_seq.augmented_star_gene_counts.tsv	Transcriptome Profiling	Gene Expression Quantification	TCGA-COAD	TCGA-A6-5666	TCGA-A6-5666-01A	Tumor	Primary	Solid Tissue	Unknown
6eb94cf0-fb12-4ecc-bf89-ff4c93e1c48e	66b4502b-d393-4664-a317-430ec1ad4b3b.rna_seq.augmented_star_gene_counts.tsv	Transcriptome Profiling	Gene Expression Quantification	TCGA-COAD	TCGA-AA-3947	TCGA-AA-3947-01A	Tumor	Primary	Solid Tissue	Unknown
ee9a460d-1b5e-451e-8b4b-7608a21f093d	c1b43ace-3691-4c64-9fb1-4c1e94735b1e.rna_seq.augmented_star_gene_counts.tsv	Transcriptome Profiling	Gene Expression Quantification	TCGA-COAD	TCGA-A6-2684	TCGA-A6-2684-11A	Normal	Not Applicable	Solid Tissue	Unknown
97dbbc5d-67e7-43a0-bc8f-d3425e0f3ce4	6bc70f5c-fdba-4bef-865a-793b7782a107.rna_seq.augmented_star_gene_counts.tsv	Transcriptome Profiling	Gene Expression Quantification	TCGA-COAD	TCGA-A6-2684	TCGA-A6-2684-01A	Tumor	Primary	Solid Tissue	Unknown
bfb91635-bf2c-4311-8b57-33c15b520869	19645f04-0021-4b2d-ad56-b1342c6ca519.rna_seq.augmented_star_gene_counts.tsv	Transcriptome Profiling	Gene Expression Quantification	TCGA-COAD	TCGA-A6-2684	TCGA-A6-2684-01A	Tumor	Primary	Solid Tissue	Unknown
b7aa491d-f50f-4f9b-b8ac-1572cd6cd1ef	ba2b0b86-f7f1-47f7-b0fd-bec3f623febb.rna_seq.augmented_star_gene_counts.tsv	Transcriptome Profiling	Gene Expression Quantification	TCGA-COAD	TCGA-A6-2684	TCGA-A6-2684-01C	Tumor	Primary	Solid Tissue	FFPE
7321ea01-8e94-4dfe-b4b6-ab48a3a880f4	4f2a0f62-df55-4972-aeb4-fb32e6c9a522.rna_seq.augmented_star_gene_counts.tsv	Transcriptome Profiling	Gene Expression Quantification	TCGA-COAD	TCGA-AA-3855	TCGA-AA-3855-01A	Tumor	Primary	Solid Tissue	Unknown
270115e4-3da5-45e5-abff-34fba5a75792	f6d998cd-20fa-4add-8fa7-6b89ff16f8bd.rna_seq.augmented_star_gene_counts.tsv	Transcriptome Profiling	Gene Expression Quantification	TCGA-COAD	TCGA-AA-3519	TCGA-AA-3519-01A	Tumor	Primary	Unknown	Unknown
efe4c597-71d5-4a06-849a-782d2d0d841e	17d3d480-5503-419e-92cd-cbc7db9659d2.rna_seq.augmented_star_gene_counts.tsv	Transcriptome Profiling	Gene Expression Quantification	TCGA-COAD	TCGA-A6-6651	TCGA-A6-6651-01A	Tumor	Primary	Solid Tissue	Unknown
f72de22c-defa-4fec-b689-85c0629e8f77	ff02e85e-2f87-4832-aaea-3322db33c57a.rna_seq.augmented_star_gene_counts.tsv	Transcriptome Profiling	Gene Expression Quantification	TCGA-COAD	TCGA-AA-3851	TCGA-AA-3851-01A	Tumor	Primary	Solid Tissue	Unknown
94c1ac66-a016-44fc-ad90-d74067ade7fa	91386c90-8134-44c9-8a22-4ea17f70da75.rna_seq.augmented_star_gene_counts.tsv	Transcriptome Profiling	Gene Expression Quantification	TCGA-COAD	TCGA-AA-3548	TCGA-AA-3548-01A	Tumor	Primary	Unknown	Unknown
1c48056a-d2b8-4365-b750-485b9e9a7b6c	5fb88e40-263c-4b86-b088-da38f046771a.rna_seq.augmented_star_gene_counts.tsv	Transcriptome Profiling	Gene Expression Quantification	TCGA-COAD	TCGA-A6-6141	TCGA-A6-6141-01A	Tumor	Primary	Solid Tissue	Unknown
3d6546ee-5ed5-4c74-a62b-f3fb397e66c3	0801726c-9faf-4905-8cd9-71ad4fc3df25.rna_seq.augmented_star_gene_counts.tsv	Transcriptome Profiling	Gene Expression Quantification	TCGA-COAD	TCGA-D5-6931	TCGA-D5-6931-01A	Tumor	Primary	Solid Tissue	Unknown
889bc749-1959-4f3d-8d6e-a6b7bf2fecb4	7dab0af8-ab64-4014-b7b7-bf0df59a1b3a.rna_seq.augmented_star_gene_counts.tsv	Transcriptome Profiling	Gene Expression Quantification	TCGA-COAD	TCGA-AA-3852	TCGA-AA-3852-01A	Tumor	Primary	Unknown	Unknown
9c40ef24-ff74-4f0b-850a-38de94a90c75	3ba89ed5-e704-40d1-bb04-5a0ba48e446d.rna_seq.augmented_star_gene_counts.tsv	Transcriptome Profiling	Gene Expression Quantification	TCGA-COAD	TCGA-AA-3502	TCGA-AA-3502-01A	Tumor	Primary	Solid Tissue	Unknown
97fb41bc-f5a9-4b70-b631-9da9ff44b5fd	c22c07cb-8215-47e8-9525-074fda8d7d59.rna_seq.augmented_star_gene_counts.tsv	Transcriptome Profiling	Gene Expression Quantification	TCGA-COAD	TCGA-A6-3809	TCGA-A6-3809-01B	Tumor	Primary	Solid Tissue	FFPE
c741f3fd-133d-470c-8021-cd3432c61ad0	b25e7003-40df-4806-baee-eb8ad1c69643.rna_seq.augmented_star_gene_counts.tsv	Transcriptome Profiling	Gene Expression Quantification	TCGA-COAD	TCGA-A6-3809	TCGA-A6-3809-01A	Tumor	Primary	Solid Tissue	Unknown
b3bec9bc-73c9-41c9-beb2-68a5f06ee2ef	1e0f16e6-de1c-4d1e-b1f6-5fabbea1591b.rna_seq.augmented_star_gene_counts.tsv	Transcriptome Profiling	Gene Expression Quantification	TCGA-COAD	TCGA-A6-3809	TCGA-A6-3809-01A	Tumor	Primary	Solid Tissue	Unknown
a72776f7-9845-4fb4-9bc0-5d60ccd7fb95	ac271c9e-4219-4880-ad89-0df6d5df0bb4.rna_seq.augmented_star_gene_counts.tsv	Transcriptome Profiling	Gene Expression Quantification	TCGA-COAD	TCGA-D5-5537	TCGA-D5-5537-01A	Tumor	Primary	Solid Tissue	Unknown
bdc3b4bb-dea2-4e41-b297-51540a68e68c	09f3976d-4e95-41b4-bc0b-27eea3e20bb3.rna_seq.augmented_star_gene_counts.tsv	Transcriptome Profiling	Gene Expression Quantification	TCGA-COAD	TCGA-AA-3489	TCGA-AA-3489-01A	Tumor	Primary	Solid Tissue	Unknown
e3526436-feca-4475-95d2-cdb1f861dac9	670152b4-944c-4d41-a9ce-c6c8ad616de0.rna_seq.augmented_star_gene_counts.tsv	Transcriptome Profiling	Gene Expression Quantification	TCGA-COAD	TCGA-AA-3517	TCGA-AA-3517-01A	Tumor	Primary	Unknown	Unknown
cb1968ee-bacc-48b0-8bf5-541a4a178461	77eb52de-282c-4dc1-886f-f4be32985ed5.rna_seq.augmented_star_gene_counts.tsv	Transcriptome Profiling	Gene Expression Quantification	TCGA-COAD	TCGA-AA-3831	TCGA-AA-3831-01A	Tumor	Primary	Unknown	Unknown
eaa3364f-2b25-449e-8852-c7a6bdaa455f	2ad90ba0-8038-4bad-afa3-d176f63b42f0.rna_seq.augmented_star_gene_counts.tsv	Transcriptome Profiling	Gene Expression Quantification	TCGA-COAD	TCGA-AA-3685	TCGA-AA-3685-01A	Tumor	Primary	Unknown	Unknown
d3980bb6-edb0-482e-a8fb-2da0d0ca36d9	2db6d1af-ff0c-468f-a056-cf278a0bbf7c.rna_seq.augmented_star_gene_counts.tsv	Transcriptome Profiling	Gene Expression Quantification	TCGA-COAD	TCGA-AA-3660	TCGA-AA-3660-11A	Normal	Not Applicable	Solid Tissue	Unknown
b8cb5dc2-3a97-4023-bbd8-1bcafbbc6dad	88a33f23-72a0-439b-afc7-2623c58eb1ab.rna_seq.augmented_star_gene_counts.tsv	Transcriptome Profiling	Gene Expression Quantification	TCGA-COAD	TCGA-AA-3660	TCGA-AA-3660-01A	Tumor	Primary	Solid Tissue	Unknown
54c73151-7796-4392-83ec-c3bc7857533e	bf93be3e-d4f1-4efb-9841-ca8ad81b237e.rna_seq.augmented_star_gene_counts.tsv	Transcriptome Profiling	Gene Expression Quantification	TCGA-COAD	TCGA-AA-3818	TCGA-AA-3818-01A	Tumor	Primary	Unknown	Unknown
2d300d54-7067-450d-b4c9-ad8c3642ba0a	7a53e58f-1455-4363-8635-81f18940707c.rna_seq.augmented_star_gene_counts.tsv	Transcriptome Profiling	Gene Expression Quantification	TCGA-BLCA	TCGA-DK-AA74	TCGA-DK-AA74-01A	Tumor	Primary	Unknown	OCT
59fadaa4-90c8-4f4c-8a34-3b055a1f73a6	203ee845-d377-4d92-aa27-127b634cc01c.rna_seq.augmented_star_gene_counts.tsv	Transcriptome Profiling	Gene Expression Quantification	TCGA-BLCA	TCGA-XF-AAML	TCGA-XF-AAML-01A	Tumor	Primary	Unknown	OCT
a0b6f91d-1921-4ec6-825f-c8a1cbc8649e	7a6e70c4-08bc-407a-b08d-166f7a7b3af5.rna_seq.augmented_star_gene_counts.tsv	Transcriptome Profiling	Gene Expression Quantification	TCGA-BLCA	TCGA-UY-A78N	TCGA-UY-A78N-01A	Tumor	Primary	Solid Tissue	OCT
1771fe4f-faa4-42cd-add0-4efc5e1f844a	c70162ed-dafc-4a4c-b7dc-354d2c06b2c9.rna_seq.augmented_star_gene_counts.tsv	Transcriptome Profiling	Gene Expression Quantification	TCGA-DLBC	TCGA-FF-8043	TCGA-FF-8043-01A	Tumor	Primary	Unknown	Unknown
b20b4d3f-ad07-4f36-9071-2b2c3a664ae2	aa646153-82f9-4b7a-a0c1-5c2207ca1e75.rna_seq.augmented_star_gene_counts.tsv	Transcriptome Profiling	Gene Expression Quantification	TCGA-DLBC	TCGA-FM-8000	TCGA-FM-8000-01A	Tumor	Primary	Unknown	Unknown
b6b31a7a-dc07-4168-b147-2a67a0e4a73e	fb5068b6-7017-4a3b-a77b-3e7e5e675545.rna_seq.augmented_star_gene_counts.tsv	Transcriptome Profiling	Gene Expression Quantification	TCGA-BLCA	TCGA-DK-AA6R	TCGA-DK-AA6R-01A	Tumor	Primary	Unknown	OCT
c6035ac1-1356-4e1a-bec1-d950b3711f67	7a3a3da1-9649-418d-a791-8420fb4abce3.rna_seq.augmented_star_gene_counts.tsv	Transcriptome Profiling	Gene Expression Quantification	TCGA-BLCA	TCGA-FT-A61P	TCGA-FT-A61P-01A	Tumor	Primary	Unknown	OCT
5028edd3-a821-4511-99bf-d669c9d61723	50cae4c7-fef8-40fa-a3ed-d14a34eb6103.rna_seq.augmented_star_gene_counts.tsv	Transcriptome Profiling	Gene Expression Quantification	TCGA-LIHC	TCGA-FV-A3I1	TCGA-FV-A3I1-01A	Tumor	Primary	Unknown	Unknown
6f98bcbf-b39e-4c18-ba5e-3505adaac6b5	6b8fc8fd-e32d-43fa-8f8c-fa0b38ce9b69.rna_seq.augmented_star_gene_counts.tsv	Transcriptome Profiling	Gene Expression Quantification	TCGA-LIHC	TCGA-FV-A3I1	TCGA-FV-A3I1-11A	Normal	Not Applicable	Solid Tissue	Unknown
e6acd0ab-16ba-468e-b356-5e9f0ba9be67	96d07b9b-c31c-40cc-8e12-0748cafbf5cd.rna_seq.augmented_star_gene_counts.tsv	Transcriptome Profiling	Gene Expression Quantification	TCGA-LIHC	TCGA-DD-A4NI	TCGA-DD-A4NI-01A	Tumor	Primary	Unknown	OCT
6983f3b9-c9ba-433a-8f13-6429122ca395	6671e092-52aa-4fff-b052-21bfe69a1658.rna_seq.augmented_star_gene_counts.tsv	Transcriptome Profiling	Gene Expression Quantification	TCGA-LIHC	TCGA-UB-A7MF	TCGA-UB-A7MF-01A	Tumor	Primary	Solid Tissue	OCT
11c21f13-84a0-416f-a7ca-25fc1c2ee0f9	dd2b52ba-d990-4d04-b070-c385de438ba8.rna_seq.augmented_star_gene_counts.tsv	Transcriptome Profiling	Gene Expression Quantification	TCGA-COAD	TCGA-A6-2682	TCGA-A6-2682-11A	Normal	Not Applicable	Solid Tissue	Unknown
c63c52c9-82ba-46f8-bd0c-9459f25e98f2	ed61dd33-6f80-4998-a0fb-82498e123505.rna_seq.augmented_star_gene_counts.tsv	Transcriptome Profiling	Gene Expression Quantification	TCGA-COAD	TCGA-AA-3662	TCGA-AA-3662-11A	Normal	Not Applicable	Solid Tissue	Unknown
928ab9a3-b688-4003-92eb-57280506fa65	57c4a274-647d-4499-a8f8-a79e446ab4a7.rna_seq.augmented_star_gene_counts.tsv	Transcriptome Profiling	Gene Expression Quantification	TCGA-COAD	TCGA-AZ-6601	TCGA-AZ-6601-01A	Tumor	Primary	Solid Tissue	Unknown
b7361545-c3a4-4208-aaed-72e4e5282d2f	568a845e-d8a0-47b5-af77-896831524b16.rna_seq.augmented_star_gene_counts.tsv	Transcriptome Profiling	Gene Expression Quantification	TCGA-COAD	TCGA-AA-3697	TCGA-AA-3697-01A	Tumor	Primary	Solid Tissue	Unknown
269994d7-f26d-4b93-9647-e12c3f1808e5	e94b6daf-3aed-4496-b64b-1b1a7d8e2011.rna_seq.augmented_star_gene_counts.tsv	Transcriptome Profiling	Gene Expression Quantification	TCGA-COAD	TCGA-CA-5255	TCGA-CA-5255-01A	Tumor	Primary	Solid Tissue	Unknown
d39b6aa9-f123-4112-aef8-7265aa8374b0	d7856acd-b750-4d86-988f-371045e74768.rna_seq.augmented_star_gene_counts.tsv	Transcriptome Profiling	Gene Expression Quantification	TCGA-COAD	TCGA-AA-3858	TCGA-AA-3858-01A	Tumor	Primary	Unknown	Unknown
aa43daad-64f6-4543-b458-a60d4ba7dcf5	fd17af6d-f9d4-4d4f-8487-bf8b97cfe3ab.rna_seq.augmented_star_gene_counts.tsv	Transcriptome Profiling	Gene Expression Quantification	TCGA-COAD	TCGA-AA-3939	TCGA-AA-3939-01A	Tumor	Primary	Solid Tissue	Unknown
de0f7996-1854-4b32-a2f9-1c99484b9e54	023160e4-1d9a-499c-9bfa-1b3aacf284f2.rna_seq.augmented_star_gene_counts.tsv	Transcriptome Profiling	Gene Expression Quantification	TCGA-COAD	TCGA-A6-6781	TCGA-A6-6781-01B	Tumor	Primary	Solid Tissue	FFPE
720ff723-a1db-483d-9b73-01e15068351f	ec054d40-e5b8-496a-8c99-5e7f88f2cf37.rna_seq.augmented_star_gene_counts.tsv	Transcriptome Profiling	Gene Expression Quantification	TCGA-COAD	TCGA-F4-6807	TCGA-F4-6807-01A	Tumor	Primary	Solid Tissue	Unknown
543dd4ba-033b-49ea-bde6-b14dc8fb2913	28f73ee0-f218-4884-81c6-e6b4ba2fdccd.rna_seq.augmented_star_gene_counts.tsv	Transcriptome Profiling	Gene Expression Quantification	TCGA-COAD	TCGA-AA-3971	TCGA-AA-3971-01A	Tumor	Primary	Solid Tissue	Unknown
23facdbd-4c59-463c-960b-1383f5b16fcb	b02dc7a2-3615-4b6c-a3dd-a866d8561d9d.rna_seq.augmented_star_gene_counts.tsv	Transcriptome Profiling	Gene Expression Quantification	TCGA-COAD	TCGA-D5-6529	TCGA-D5-6529-01A	Tumor	Primary	Solid Tissue	Unknown
b95db8b9-7ca6-481d-9912-f8d83f542560	608d8ca8-8eeb-40a1-a95b-57eefcabbdab.rna_seq.augmented_star_gene_counts.tsv	Transcriptome Profiling	Gene Expression Quantification	TCGA-COAD	TCGA-AA-3532	TCGA-AA-3532-01A	Tumor	Primary	Unknown	Unknown
efdcda8a-26eb-4b7b-accf-df08c81e5135	a45a7511-4aa9-4d04-8f5f-34d12e4d5917.rna_seq.augmented_star_gene_counts.tsv	Transcriptome Profiling	Gene Expression Quantification	TCGA-COAD	TCGA-CA-6718	TCGA-CA-6718-01A	Tumor	Primary	Solid Tissue	Unknown
3456d4a1-bb29-4559-8c4e-c9b0e512fae3	52472301-36c6-4c99-97bd-b016d8a282d6.rna_seq.augmented_star_gene_counts.tsv	Transcriptome Profiling	Gene Expression Quantification	TCGA-COAD	TCGA-AA-3966	TCGA-AA-3966-01A	Tumor	Primary	Unknown	Unknown
457ab960-e685-4103-97e9-4868dbc364a2	b8135e73-31c3-49af-b4da-a7ed5f28d68a.rna_seq.augmented_star_gene_counts.tsv	Transcriptome Profiling	Gene Expression Quantification	TCGA-COAD	TCGA-A6-3810	TCGA-A6-3810-01B	Tumor	Primary	Solid Tissue	FFPE
3db2ccda-ad2e-4c6d-932d-0df14befb266	e1d0ac40-05b3-4ab8-b64b-f42613e97cc7.rna_seq.augmented_star_gene_counts.tsv	Transcriptome Profiling	Gene Expression Quantification	TCGA-COAD	TCGA-AA-3973	TCGA-AA-3973-01A	Tumor	Primary	Solid Tissue	Unknown
df410102-8821-4bff-825a-c169897b3b99	518420d3-dfdf-4163-99a4-2b8d7a04056c.rna_seq.augmented_star_gene_counts.tsv	Transcriptome Profiling	Gene Expression Quantification	TCGA-COAD	TCGA-AA-3955	TCGA-AA-3955-01A	Tumor	Primary	Solid Tissue	Unknown
75b92663-674e-45ea-9ff8-cf3ce33f8839	9f5f50f9-3524-4767-94d3-d89dca19f7ca.rna_seq.augmented_star_gene_counts.tsv	Transcriptome Profiling	Gene Expression Quantification	TCGA-COAD	TCGA-A6-2686	TCGA-A6-2686-01A	Tumor	Primary	Solid Tissue	Unknown
9ce2bb36-5b1e-4a58-bc5e-dc072b217ba4	27871087-0449-4f04-bc72-a975681a198a.rna_seq.augmented_star_gene_counts.tsv	Transcriptome Profiling	Gene Expression Quantification	TCGA-COAD	TCGA-A6-3808	TCGA-A6-3808-01A	Tumor	Primary	Solid Tissue	Unknown
756b1010-09e1-425f-8682-f9f8144b3c4c	b3e4282d-55bf-43ab-a9af-9e4ec31240ed.rna_seq.augmented_star_gene_counts.tsv	Transcriptome Profiling	Gene Expression Quantification	TCGA-COAD	TCGA-AA-3514	TCGA-AA-3514-11A	Normal	Not Applicable	Solid Tissue	Unknown
b3ebddcc-1177-40a7-baa5-51000c1b7123	290b89f5-2a44-424b-b77d-a190dcb93e07.rna_seq.augmented_star_gene_counts.tsv	Transcriptome Profiling	Gene Expression Quantification	TCGA-COAD	TCGA-AA-3514	TCGA-AA-3514-01A	Tumor	Primary	Unknown	Unknown
c5a8d31c-5a09-4d40-84a6-545eb0115c0f	078de409-654a-4fef-80ce-f0d26b6a8cb1.rna_seq.augmented_star_gene_counts.tsv	Transcriptome Profiling	Gene Expression Quantification	TCGA-COAD	TCGA-AA-3989	TCGA-AA-3989-01A	Tumor	Primary	Solid Tissue	Unknown
1a59a96b-12b7-4e9a-9e32-b01a7e48c01e	f7670084-a534-406a-b322-d9657f2024b5.rna_seq.augmented_star_gene_counts.tsv	Transcriptome Profiling	Gene Expression Quantification	TCGA-COAD	TCGA-AA-3553	TCGA-AA-3553-01A	Tumor	Primary	Unknown	Unknown
51827714-d499-41cb-a21c-e0845fb8f444	cdb7b56c-ddca-4596-bfa2-6823c12837e2.rna_seq.augmented_star_gene_counts.tsv	Transcriptome Profiling	Gene Expression Quantification	TCGA-COAD	TCGA-F4-6569	TCGA-F4-6569-01A	Tumor	Primary	Solid Tissue	Unknown
dd7f3972-e7c6-422b-84ed-a8038645a52b	56a452e7-275e-45ed-957d-70f49a1291ad.rna_seq.augmented_star_gene_counts.tsv	Transcriptome Profiling	Gene Expression Quantification	TCGA-KIRC	TCGA-BP-4986	TCGA-BP-4986-01A	Tumor	Primary	Unknown	Unknown
460ef0b3-7898-4f4d-94a0-21a6aa7440e1	a5b6ff9c-a3b0-4069-a135-9286fd9814e8.rna_seq.augmented_star_gene_counts.tsv	Transcriptome Profiling	Gene Expression Quantification	TCGA-LUSC	TCGA-56-A4BY	TCGA-56-A4BY-01A	Tumor	Primary	Solid Tissue	Unknown
8b193ea5-92f5-4473-a6bc-57a132764f6e	e01234d0-dff1-410e-866b-54a732bc20cc.rna_seq.augmented_star_gene_counts.tsv	Transcriptome Profiling	Gene Expression Quantification	TCGA-ESCA	TCGA-JY-A938	TCGA-JY-A938-01A	Tumor	Primary	Solid Tissue	Unknown
70d767a9-c20a-4dfa-ae6b-2dd6d509c96c	c7bdb3a4-705d-4cfa-aa23-33eae33cf1aa.rna_seq.augmented_star_gene_counts.tsv	Transcriptome Profiling	Gene Expression Quantification	TCGA-ESCA	TCGA-L5-A43M	TCGA-L5-A43M-01A	Tumor	Primary	Unknown	Unknown
3afc6fee-22bb-418c-ae3a-bd21bd4e5201	891f3a70-63c9-4c56-918e-a3053cd848dc.rna_seq.augmented_star_gene_counts.tsv	Transcriptome Profiling	Gene Expression Quantification	TCGA-CESC	TCGA-EK-A2GZ	TCGA-EK-A2GZ-01A	Tumor	Primary	Solid Tissue	Unknown
8fc018bf-475b-4815-b857-93dcaf5913c9	d177b24a-bb6e-40df-ab2a-58bc36a7c923.rna_seq.augmented_star_gene_counts.tsv	Transcriptome Profiling	Gene Expression Quantification	TCGA-CESC	TCGA-ZJ-AAX4	TCGA-ZJ-AAX4-01A	Tumor	Primary	Unknown	OCT
ba97a1ce-36b3-4212-960b-b64a7cc2ea82	fc8c105f-9904-4f9b-8af8-61c49c1a3261.rna_seq.augmented_star_gene_counts.tsv	Transcriptome Profiling	Gene Expression Quantification	TCGA-KIRC	TCGA-BP-4976	TCGA-BP-4976-01A	Tumor	Primary	Unknown	Unknown
7ba9b358-398f-4bdc-9835-7ad743aaff69	1953db7a-88ae-4d2e-be77-a1d09f4acd96.rna_seq.augmented_star_gene_counts.tsv	Transcriptome Profiling	Gene Expression Quantification	TCGA-PAAD	TCGA-IB-7891	TCGA-IB-7891-01A	Tumor	Primary	Solid Tissue	Unknown
0ef12067-7e43-4d08-9374-a961430dd5ab	cf37eb41-0595-4a82-a65b-3058902a48d4.rna_seq.augmented_star_gene_counts.tsv	Transcriptome Profiling	Gene Expression Quantification	TCGA-READ	TCGA-AG-A01N	TCGA-AG-A01N-01A	Tumor	Primary	Unknown	Unknown
00efbb37-cb7e-4411-b857-eee5a36a3cce	8e3ba195-d539-4876-a300-4f5855b145c6.rna_seq.augmented_star_gene_counts.tsv	Transcriptome Profiling	Gene Expression Quantification	TCGA-SARC	TCGA-HS-A5N9	TCGA-HS-A5N9-01A	Tumor	Primary	Unknown	Unknown
31345409-df9a-48b9-91fd-09a18e099aa0	2d8d97e6-b599-4444-8e11-73adb55be0be.rna_seq.augmented_star_gene_counts.tsv	Transcriptome Profiling	Gene Expression Quantification	TCGA-SKCM	TCGA-D3-A8GB	TCGA-D3-A8GB-06A	Tumor	Metastatic	Unknown	OCT
a359b6f9-15ca-4699-adb8-850db3754c74	6fdba671-fb71-438f-ad62-e3d515e0222d.rna_seq.augmented_star_gene_counts.tsv	Transcriptome Profiling	Gene Expression Quantification	TCGA-SKCM	TCGA-EE-A2MC	TCGA-EE-A2MC-06A	Tumor	Metastatic	Unknown	OCT
134ebf9f-1250-47c1-9bca-f4e0e152d2ac	8828489a-e6fd-43ca-9232-e1b759d6edcf.rna_seq.augmented_star_gene_counts.tsv	Transcriptome Profiling	Gene Expression Quantification	TCGA-SKCM	TCGA-EE-A3JD	TCGA-EE-A3JD-06A	Tumor	Metastatic	Unknown	OCT
e9e1421b-3a11-4854-a151-4724ab17a193	02aa4891-0590-4a2f-bbd1-da2c88cc1508.rna_seq.augmented_star_gene_counts.tsv	Transcriptome Profiling	Gene Expression Quantification	TCGA-SKCM	TCGA-D3-A3CE	TCGA-D3-A3CE-06A	Tumor	Metastatic	Unknown	OCT
1117dfdc-a2e5-4d59-940a-2465da7fc914	2835bce2-bf08-41a7-98b4-f488159b2685.rna_seq.augmented_star_gene_counts.tsv	Transcriptome Profiling	Gene Expression Quantification	TCGA-SKCM	TCGA-D3-A5GL	TCGA-D3-A5GL-06A	Tumor	Metastatic	Unknown	OCT
50232bfa-a012-42b1-97aa-2da7d0cb30c2	a97448d4-418a-4e9c-bd75-c4d217c20c89.rna_seq.augmented_star_gene_counts.tsv	Transcriptome Profiling	Gene Expression Quantification	TCGA-READ	TCGA-AG-4007	TCGA-AG-4007-01A	Tumor	Primary	Unknown	Unknown
d07e6f35-2d7f-4bac-804f-a182d09efab5	6342cded-bcfe-4287-8307-147cc57e861c.rna_seq.augmented_star_gene_counts.tsv	Transcriptome Profiling	Gene Expression Quantification	TCGA-READ	TCGA-AG-3742	TCGA-AG-3742-11A	Normal	Not Applicable	Solid Tissue	Unknown
e72ffb47-2cbf-4cde-9431-fffbf50f5013	1d4b52d3-19d8-4af9-bc8f-c27cb8531854.rna_seq.augmented_star_gene_counts.tsv	Transcriptome Profiling	Gene Expression Quantification	TCGA-BLCA	TCGA-XF-A9SJ	TCGA-XF-A9SJ-01A	Tumor	Primary	Unknown	OCT
ed6b41f6-88de-486d-89b3-62a2bbcab933	653f256c-9da6-470c-9b35-81490d95b709.rna_seq.augmented_star_gene_counts.tsv	Transcriptome Profiling	Gene Expression Quantification	TCGA-READ	TCGA-AG-4008	TCGA-AG-4008-01A	Tumor	Primary	Unknown	Unknown
52b7ad50-c77a-440f-b84a-f535884848f4	3515c93d-73e5-4aec-9186-2e8bd47deae2.rna_seq.augmented_star_gene_counts.tsv	Transcriptome Profiling	Gene Expression Quantification	TCGA-READ	TCGA-AG-3742	TCGA-AG-3742-01A	Tumor	Primary	Solid Tissue	Unknown
a69dcef1-a951-4b7d-a468-1b46227216cf	5fb97b4d-9c0a-4e1a-9549-032c6d879c8f.rna_seq.augmented_star_gene_counts.tsv	Transcriptome Profiling	Gene Expression Quantification	TCGA-READ	TCGA-AG-3582	TCGA-AG-3582-01A	Tumor	Primary	Solid Tissue	Unknown
85576648-5d5e-4044-b249-d7aac6bffc6c	ef8ca46a-0312-41bc-8329-7db4b306a300.rna_seq.augmented_star_gene_counts.tsv	Transcriptome Profiling	Gene Expression Quantification	TCGA-READ	TCGA-AG-4015	TCGA-AG-4015-01A	Tumor	Primary	Unknown	Unknown
ee35fc92-bfb2-4542-8786-61a896709de8	002260fb-3015-4876-b8fd-edffd7fc95e8.rna_seq.augmented_star_gene_counts.tsv	Transcriptome Profiling	Gene Expression Quantification	TCGA-READ	TCGA-AG-3882	TCGA-AG-3882-01A	Tumor	Primary	Solid Tissue	Unknown
ac9d6b6d-37e9-44ca-9f70-0e6351c39341	2f00871b-1c4a-4fe9-94f6-42493fd95841.rna_seq.augmented_star_gene_counts.tsv	Transcriptome Profiling	Gene Expression Quantification	TCGA-LUAD	TCGA-80-5607	TCGA-80-5607-01A	Tumor	Primary	Unknown	Unknown
7c802f6c-03bd-4612-835f-c82f6b8f2137	9f938aa7-9fc1-4893-aee4-15ab668b9260.rna_seq.augmented_star_gene_counts.tsv	Transcriptome Profiling	Gene Expression Quantification	TCGA-LUAD	TCGA-55-8207	TCGA-55-8207-01A	Tumor	Primary	Solid Tissue	Unknown
0ece8b9b-d1c3-4f03-b70d-6bc06c6f52ce	a585711d-48a4-45bd-bb45-f9d2a7717af0.rna_seq.augmented_star_gene_counts.tsv	Transcriptome Profiling	Gene Expression Quantification	TCGA-LUAD	TCGA-55-A492	TCGA-55-A492-01A	Tumor	Primary	Unknown	Unknown
a2949ed1-4940-420d-aa1c-1e0625559f27	97df7d70-eaee-41aa-955d-8ece8847ea7d.rna_seq.augmented_star_gene_counts.tsv	Transcriptome Profiling	Gene Expression Quantification	TCGA-PRAD	TCGA-EJ-A46G	TCGA-EJ-A46G-01A	Tumor	Primary	Solid Tissue	OCT
bb4ec992-dd81-4758-b4f2-7560fbc4cf2b	c8e4e659-7477-44ce-9f69-52d916efd8ef.rna_seq.augmented_star_gene_counts.tsv	Transcriptome Profiling	Gene Expression Quantification	TCGA-KIRC	TCGA-BP-4327	TCGA-BP-4327-01A	Tumor	Primary	Unknown	Unknown
4c02a1c5-5305-4a42-8a5f-b29767cd7497	65567450-e04a-4251-9939-8d2545077236.rna_seq.augmented_star_gene_counts.tsv	Transcriptome Profiling	Gene Expression Quantification	TCGA-SKCM	TCGA-D3-A1QA	TCGA-D3-A1QA-06A	Tumor	Metastatic	Unknown	OCT
bed26cb1-68bc-4316-900b-ba2a1735c572	efbe9842-9837-4b26-9b40-3b836b70ef4d.rna_seq.augmented_star_gene_counts.tsv	Transcriptome Profiling	Gene Expression Quantification	TCGA-THCA	TCGA-DJ-A13L	TCGA-DJ-A13L-01A	Tumor	Primary	Solid Tissue	OCT
c0b3d3d9-d4aa-44b4-9446-0bcde08a3592	acc574a5-4c54-42b7-a60a-45017c7766a5.rna_seq.augmented_star_gene_counts.tsv	Transcriptome Profiling	Gene Expression Quantification	TCGA-UCEC	TCGA-DF-A2KS	TCGA-DF-A2KS-01A	Tumor	Primary	Solid Tissue	Unknown
dba10e27-3793-4de2-800c-008ad0a567bf	6ae6442d-6817-45c1-9ab0-f2195449bd48.rna_seq.augmented_star_gene_counts.tsv	Transcriptome Profiling	Gene Expression Quantification	TCGA-PRAD	TCGA-CH-5772	TCGA-CH-5772-01A	Tumor	Primary	Unknown	Unknown
6e78bd1a-22cf-4f01-b4ce-3a624ebd4747	ee82b705-e117-46ba-81eb-bad429c3f9ce.rna_seq.augmented_star_gene_counts.tsv	Transcriptome Profiling	Gene Expression Quantification	EXCEPTIONAL_RESPONDERS-ER	ER-ABON	ER-ABON-TTM1-A	Tumor	Metastatic	Unknown	FFPE
d04bd284-1b23-40ab-a130-3d0c5af42600	936b0acc-2f32-4d37-bdae-6246be4fe0d9.rna_seq.augmented_star_gene_counts.tsv	Transcriptome Profiling	Gene Expression Quantification	EXCEPTIONAL_RESPONDERS-ER	ER-ABON	ER-ABON-TTP1-A	Tumor	Primary	Unknown	FFPE
377fd22f-52c4-4918-a5ae-5fa7d22db4d9	f06c5504-e66a-41e6-b0b6-fa20936288a2.rna_seq.augmented_star_gene_counts.tsv	Transcriptome Profiling	Gene Expression Quantification	EXCEPTIONAL_RESPONDERS-ER	ER-ABEO	ER-ABEO-TTM1-A	Tumor	Metastatic	Unknown	FFPE
595f29fe-09ac-444f-a0f2-a9144112794e	3f1efee5-4d26-498e-b28d-1a4a4d5a35e5.rna_seq.augmented_star_gene_counts.tsv	Transcriptome Profiling	Gene Expression Quantification	EXCEPTIONAL_RESPONDERS-ER	ER-AD7D	ER-AD7D-TTM1-A	Tumor	Metastatic	Solid Tissue	FFPE
b0f02da2-1d7e-4a4c-844c-6cccbc1d4d3a	396ea0cb-40bb-43df-b94d-d8e25a34a371.rna_seq.augmented_star_gene_counts.tsv	Transcriptome Profiling	Gene Expression Quantification	EXCEPTIONAL_RESPONDERS-ER	ER-ABEO	ER-ABEO-TTP1-A	Tumor	Primary	Unknown	FFPE
df9cf517-4084-4868-80e8-99b812f585af	f46d220f-d2b4-443f-ad6f-7676440f5cc5.rna_seq.augmented_star_gene_counts.tsv	Transcriptome Profiling	Gene Expression Quantification	EXCEPTIONAL_RESPONDERS-ER	ER-ABXO	ER-ABXO-TTM1-A	Tumor	Metastatic	Unknown	FFPE
fe1af065-a8a2-43c0-82a8-8b8f2ee217a1	09e36262-1093-4185-9294-3653b528096e.rna_seq.augmented_star_gene_counts.tsv	Transcriptome Profiling	Gene Expression Quantification	EXCEPTIONAL_RESPONDERS-ER	ER-AD7D	ER-AD7D-NT1-A	Normal	Not Applicable	Solid Tissue	FFPE
2577d221-4cc4-48b7-b4e3-70a07f547213	b6ee88b3-46d3-4ec6-b97c-3ca98e3c0f56.rna_seq.augmented_star_gene_counts.tsv	Transcriptome Profiling	Gene Expression Quantification	EXCEPTIONAL_RESPONDERS-ER	ER-AD0G	ER-AD0G-TTP1-A	Tumor	Primary	Unknown	FFPE
e522d4f6-2e88-4132-9599-36c4f6e7aaa6	19a4c6d6-16ba-4697-8196-36de4ab49812.rna_seq.augmented_star_gene_counts.tsv	Transcriptome Profiling	Gene Expression Quantification	EXCEPTIONAL_RESPONDERS-ER	ER-B0CR	ER-B0CR-NT1-A	Normal	Not Applicable	Solid Tissue	FFPE
bca8964a-a5c1-47b4-a53d-db8e8b71b9d9	6f6a87ce-1eb5-4c79-939a-2b207321bb3d.rna_seq.augmented_star_gene_counts.tsv	Transcriptome Profiling	Gene Expression Quantification	EXCEPTIONAL_RESPONDERS-ER	ER-B0CR	ER-B0CR-TTP1-A	Tumor	Primary	Solid Tissue	FFPE
de5db4af-433b-4328-a9f9-35f601e1a74e	56bfe1f6-369f-48a4-8cce-b3b392e29390.rna_seq.augmented_star_gene_counts.tsv	Transcriptome Profiling	Gene Expression Quantification	EXCEPTIONAL_RESPONDERS-ER	ER-ABO4	ER-ABO4-TTP1-B	Tumor	Primary	Unknown	FFPE
ace5e022-7942-4654-9967-bdd2c013dfdf	d7fd49f5-358f-489e-bc7c-67178f085e47.rna_seq.augmented_star_gene_counts.tsv	Transcriptome Profiling	Gene Expression Quantification	CPTAC-2	11CO010	0f757044-9bc8-4ed4-90f3-e0a49a	Tumor	Primary	Solid Tissue	Frozen
f07b4823-d4e5-49a5-964e-8f98b03ec5af	bbe169cb-f057-423e-9a71-32a3f9d1ccbb.rna_seq.augmented_star_gene_counts.tsv	Transcriptome Profiling	Gene Expression Quantification	CPTAC-2	11CO053	ecf1ca92-c8b7-470f-baf4-81cf73	Tumor	Primary	Solid Tissue	Frozen
853c7e88-d3c4-4074-aa85-17f63b3626c3	52fa79aa-0246-44ce-be37-f9f83c666fcc.rna_seq.augmented_star_gene_counts.tsv	Transcriptome Profiling	Gene Expression Quantification	CPTAC-2	11CO059	d4afb9cf-2f90-44b9-bd60-d03069	Tumor	Primary	Solid Tissue	Frozen
72af5127-c87e-46e8-a031-0854773bddaa	47779d2f-4136-4b55-9ca1-b1c6346009d5.rna_seq.augmented_star_gene_counts.tsv	Transcriptome Profiling	Gene Expression Quantification	CPTAC-2	05CO028	e0068ac5-f557-443a-bd4b-bdfcef	Tumor	Primary	Solid Tissue	Frozen
87150078-8a96-4999-ab9c-412008ef5259	416428cd-c0b0-49ae-be2f-42110002abac.rna_seq.augmented_star_gene_counts.tsv	Transcriptome Profiling	Gene Expression Quantification	CPTAC-2	01CO006	f9d6fb1b-988e-4d28-9272-cc672f	Tumor	Primary	Solid Tissue	Frozen
efa27197-3932-42d1-8cb5-aac1133ca080	6bf9478f-6deb-4ccb-9478-8fae86eca60f.rna_seq.augmented_star_gene_counts.tsv	Transcriptome Profiling	Gene Expression Quantification	CPTAC-2	16CO003	47b9deba-dea0-4e0c-8b0a-4864c3	Tumor	Primary	Solid Tissue	Frozen
2df88806-fbf2-4111-94b6-6f07901c5c94	a4a45b7b-7511-4f7a-83ef-1c09242228db.rna_seq.augmented_star_gene_counts.tsv	Transcriptome Profiling	Gene Expression Quantification	CPTAC-2	09CO015	d068de5f-8394-46bc-b03a-c6dc9c	Tumor	Primary	Solid Tissue	Frozen
aa6286a7-a5c2-447c-9919-553649a9c50c	8f697911-378a-499e-ad58-9a1313595794.rna_seq.augmented_star_gene_counts.tsv	Transcriptome Profiling	Gene Expression Quantification	CPTAC-2	22CO004	a2f03d85-5f1a-4b3e-9dbf-74e67e	Tumor	Primary	Solid Tissue	Frozen
ccb73e74-b33e-4c1a-bf12-e148f15244a8	9ff887e2-af84-4395-a36e-22359f96ccd8.rna_seq.augmented_star_gene_counts.tsv	Transcriptome Profiling	Gene Expression Quantification	CPTAC-2	11CO061	8c73f3a5-fea8-4942-90c0-966f66	Tumor	Primary	Solid Tissue	Frozen
f8cae66d-f3c3-46c3-84e9-0c58013747d8	87f5807f-8bab-4ca2-8af6-6bd09d1ede06.rna_seq.augmented_star_gene_counts.tsv	Transcriptome Profiling	Gene Expression Quantification	CPTAC-2	05CO002	159c49fd-40ff-4616-b6b6-be21a6	Tumor	Primary	Solid Tissue	Frozen
e7f1cfd1-b136-40e1-b443-f29af7283fb4	7399c9dd-4573-46e8-9f14-357a253ec660.rna_seq.augmented_star_gene_counts.tsv	Transcriptome Profiling	Gene Expression Quantification	CPTAC-2	09CO006	c2c53076-b5db-4b7d-983c-a35740	Tumor	Primary	Solid Tissue	Frozen
652edda2-5f43-4461-a93b-b6e095c498f5	2510f050-c7b6-4116-8b05-7fccca35cf52.rna_seq.augmented_star_gene_counts.tsv	Transcriptome Profiling	Gene Expression Quantification	CPTAC-2	11CO027	5da00abd-5fa7-4deb-95f1-7982e0	Tumor	Primary	Solid Tissue	Frozen
4ddb9c57-3120-4ab3-9eaf-644b0e5a64fa	44697a7a-c67e-41cb-bb56-bbcc09843823.rna_seq.augmented_star_gene_counts.tsv	Transcriptome Profiling	Gene Expression Quantification	CPTAC-2	15CO002	74f7759a-279c-4098-b080-358900	Tumor	Primary	Solid Tissue	Frozen
85cbb7cc-5a2d-4e31-96be-88d538bac0d6	6d6ee463-003a-42cb-8939-d9178f4eb48f.rna_seq.augmented_star_gene_counts.tsv	Transcriptome Profiling	Gene Expression Quantification	CPTAC-2	05CO044	8af80ae9-2088-4124-91fb-8d6c17	Tumor	Primary	Solid Tissue	Frozen
acb15575-875b-467e-8517-fa1f618e0d05	65edfa31-d6e5-4cbf-90c7-f1da158f2e37.rna_seq.augmented_star_gene_counts.tsv	Transcriptome Profiling	Gene Expression Quantification	CPTAC-2	01CO005	59891744-2db3-4541-a86a-7f911f	Tumor	Primary	Solid Tissue	Frozen
91825c6a-b5ff-4082-aaca-cbd88a1f4c7a	436b1b6a-4915-40b5-9f97-5b0ee2d6d3fb.rna_seq.augmented_star_gene_counts.tsv	Transcriptome Profiling	Gene Expression Quantification	CPTAC-2	09CO019	b913f361-c5c2-4e49-91ca-719bd8	Tumor	Primary	Solid Tissue	Frozen
ff9b1f41-8be4-42d2-b2bd-96bcedc57f03	19cdeb2c-fdb2-4bd5-97da-bf15411d3f49.rna_seq.augmented_star_gene_counts.tsv	Transcriptome Profiling	Gene Expression Quantification	CPTAC-2	22CO006	4d86cf19-8d5b-46b5-ab4c-ace0b2	Tumor	Primary	Solid Tissue	Frozen
89f7aaf8-322b-4659-9c15-f6f29d0e173c	bf3fd9b5-7978-4273-9c3f-39e3c2dbaf8a.rna_seq.augmented_star_gene_counts.tsv	Transcriptome Profiling	Gene Expression Quantification	CPTAC-2	09CO008	aa0f5b40-3290-4255-8f4d-f45d4e	Tumor	Primary	Solid Tissue	Frozen
b75759fb-230c-4811-b2bd-fd05f8f33311	25c06372-1130-44dd-bd1b-61660e57c271.rna_seq.augmented_star_gene_counts.tsv	Transcriptome Profiling	Gene Expression Quantification	CPTAC-2	05CO048	4976cbf9-cad4-48ce-b234-622c70	Tumor	Primary	Solid Tissue	Frozen
b98be00b-80ae-42f7-952b-36f78618d764	47fd9cc8-4a7a-42b0-88ca-07d7cdd96a07.rna_seq.augmented_star_gene_counts.tsv	Transcriptome Profiling	Gene Expression Quantification	CPTAC-2	05CO055	ccaab7e8-e841-4397-80aa-370b58	Tumor	Primary	Solid Tissue	Frozen
e9ada76e-3e51-4363-bcdc-839be51e35db	ffc4018e-df78-4b25-9de4-91ec58ca5b1f.rna_seq.augmented_star_gene_counts.tsv	Transcriptome Profiling	Gene Expression Quantification	CPTAC-2	01CO013	c7aeb685-31b3-445e-8177-a3e729	Tumor	Primary	Solid Tissue	Frozen
b57c8c2c-f54b-4ae9-a8aa-1db269362f1f	d07574f9-8b76-46c2-9f2b-ad72c9744fac.rna_seq.augmented_star_gene_counts.tsv	Transcriptome Profiling	Gene Expression Quantification	CPTAC-2	05CO041	b4dd4a04-5eda-43dd-8298-215b07	Tumor	Primary	Solid Tissue	Frozen
ff4233e9-37c2-43d5-b4c5-99a6d3878d3f	dd25947e-6a3c-4d9c-baa4-3b1cd9d11ee8.rna_seq.augmented_star_gene_counts.tsv	Transcriptome Profiling	Gene Expression Quantification	CPTAC-2	11CO079	77c493b1-34ba-4efc-8def-987116	Tumor	Primary	Solid Tissue	Frozen
0e715b20-ad08-47bb-b69e-c8c8c48a44ae	e0035fb7-2f39-4dd4-bbdd-876467eec9fd.rna_seq.augmented_star_gene_counts.tsv	Transcriptome Profiling	Gene Expression Quantification	CPTAC-2	11CO008	98742d96-cc2f-43f0-9de2-bc7afe	Tumor	Primary	Solid Tissue	Frozen
9ee4aa81-4dcb-40f3-ad68-106a05740f9d	58227cbd-97ea-4d9d-96ce-543f9e72030b.rna_seq.augmented_star_gene_counts.tsv	Transcriptome Profiling	Gene Expression Quantification	CPTAC-2	11CO030	4cdeecb5-19fb-493c-91f5-eb0efc	Tumor	Primary	Solid Tissue	Frozen
f98a844c-7e1d-40bd-876f-a0bbd5cac902	0b845751-17c5-4c16-8281-4c9b6e18604e.rna_seq.augmented_star_gene_counts.tsv	Transcriptome Profiling	Gene Expression Quantification	CPTAC-2	05CO039	c952715e-35ca-4e18-ad6f-dd4e39	Tumor	Primary	Solid Tissue	Frozen
cc5db49f-0ccf-403f-854c-8b12aa7ee528	92ea1780-faa8-4a78-b33b-f3301455754f.rna_seq.augmented_star_gene_counts.tsv	Transcriptome Profiling	Gene Expression Quantification	CPTAC-2	21CO006	5f823547-ee16-45b7-a6a0-ef25d6	Tumor	Primary	Solid Tissue	Frozen
6100538b-9b33-4bfd-b12b-e8de0cbe3b4e	c30d96c8-64d0-4752-9add-a28487baabc1.rna_seq.augmented_star_gene_counts.tsv	Transcriptome Profiling	Gene Expression Quantification	CPTAC-2	11CO054	f6a7f764-2495-4a1d-89a2-e12f51	Tumor	Primary	Solid Tissue	Frozen
dc483ad4-8346-4fd9-a2b9-5c5f463353ce	680e66c1-c25b-4b7a-ac4a-e50a8aad6531.rna_seq.augmented_star_gene_counts.tsv	Transcriptome Profiling	Gene Expression Quantification	CPTAC-2	09CO005	ec9afcc4-ccf7-4226-b0e8-d6897d	Tumor	Primary	Solid Tissue	Frozen
24fb2b4e-bc69-4b86-8572-7d4705dd7c36	de47cabf-2576-4c74-8596-4b5ae0e4606e.rna_seq.augmented_star_gene_counts.tsv	Transcriptome Profiling	Gene Expression Quantification	CPTAC-2	11CO031	c6ae57a7-65a0-438e-bae2-97b1c8	Tumor	Primary	Solid Tissue	Frozen
d33869b3-583c-4c67-ba8f-bb91e9368b32	2caf33d9-75e1-4704-956f-7e7c99c89975.rna_seq.augmented_star_gene_counts.tsv	Transcriptome Profiling	Gene Expression Quantification	CPTAC-2	05CO035	1312a0e0-5025-433e-9670-0595bb	Tumor	Primary	Solid Tissue	Frozen
ff05f6eb-bec7-48b8-a468-d286e2b76986	2c076fc8-cc2d-482d-9616-d14aadac2933.rna_seq.augmented_star_gene_counts.tsv	Transcriptome Profiling	Gene Expression Quantification	CPTAC-2	01CO019	573048dd-2502-40e0-8e8c-c41bb8	Tumor	Primary	Solid Tissue	Frozen
e3679172-2a5d-49e3-8bcd-0266a2a21fd9	4c58a878-c6c6-4e3c-89d4-681f2c0729ff.rna_seq.augmented_star_gene_counts.tsv	Transcriptome Profiling	Gene Expression Quantification	CPTAC-2	01CO015	b873f54a-5a86-4dca-90f9-715820	Tumor	Primary	Solid Tissue	Frozen
ea1466b8-63d7-4429-9d8c-be0b481349c0	ab3bade4-9651-44b2-ac5a-b055daf82b82.rna_seq.augmented_star_gene_counts.tsv	Transcriptome Profiling	Gene Expression Quantification	CPTAC-2	11CO058	d3078fa8-0692-411f-8441-0c7c48	Tumor	Primary	Solid Tissue	Frozen
93ff6084-365a-480f-b181-00f8cda0c12e	624586de-74c4-42df-bef8-c74cac7b450b.rna_seq.augmented_star_gene_counts.tsv	Transcriptome Profiling	Gene Expression Quantification	CPTAC-2	16CO002	6f5853a3-1d47-4a54-94dc-970c1c	Tumor	Primary	Solid Tissue	Frozen
270db4e2-6cbe-4a81-a6f7-98fccae2e16c	cd945731-6161-49d0-a76d-275704026497.rna_seq.augmented_star_gene_counts.tsv	Transcriptome Profiling	Gene Expression Quantification	CPTAC-2	20CO003	2d266d2d-4bb3-436c-a3e7-06acb2	Tumor	Primary	Solid Tissue	Frozen
6a5a5dfc-a905-4613-9c63-01282fe81b81	8d56ded1-2e51-411f-a2ca-5eccb9319c45.rna_seq.augmented_star_gene_counts.tsv	Transcriptome Profiling	Gene Expression Quantification	CPTAC-2	11CO072	64b606d7-d40f-41ae-b220-a66324	Tumor	Primary	Solid Tissue	Frozen
1e2f186f-1569-4874-8051-d0e956878d4c	9f4ac392-dfa6-40de-a86a-2a6623cb45b8.rna_seq.augmented_star_gene_counts.tsv	Transcriptome Profiling	Gene Expression Quantification	CPTAC-2	05CO053	66b829db-1cdd-460d-b2f3-0e9ca9	Tumor	Primary	Solid Tissue	Frozen
d4ff0ec0-ec67-4364-b5bc-738df8c4cf7c	241e3914-377c-4f0e-889d-391308f5d6a6.rna_seq.augmented_star_gene_counts.tsv	Transcriptome Profiling	Gene Expression Quantification	CPTAC-2	11CO060	fe4b3b1c-9f7f-4109-8a76-ca1d6f	Tumor	Primary	Solid Tissue	Frozen
5bb2c4a8-62c5-4238-bc2c-c4a34d374dfa	87bac375-65ea-44e4-8371-92786695491f.rna_seq.augmented_star_gene_counts.tsv	Transcriptome Profiling	Gene Expression Quantification	CPTAC-2	11CO048	43e0432b-343d-4e12-817f-21281c	Tumor	Primary	Solid Tissue	Frozen
fdd8e1d5-7004-419d-aaa3-d759799be4b7	b3cadb26-c013-4686-96f1-b8af8c537b84.rna_seq.augmented_star_gene_counts.tsv	Transcriptome Profiling	Gene Expression Quantification	CPTAC-2	11CO042	4b68d71e-48b4-45ba-a041-9d6aa0	Tumor	Primary	Solid Tissue	Frozen
32bf31af-9a05-4cc0-811c-b316991fd03f	021e8314-fba7-4efd-aaca-474d60bdb4b1.rna_seq.augmented_star_gene_counts.tsv	Transcriptome Profiling	Gene Expression Quantification	CPTAC-2	11CO047	3ca0ab23-70ae-4083-bd7d-9f71d8	Tumor	Primary	Solid Tissue	Frozen
6a163284-fd51-4538-b966-fd9d5b7c9202	d0776d72-61ab-4749-ae0c-91d603f22323.rna_seq.augmented_star_gene_counts.tsv	Transcriptome Profiling	Gene Expression Quantification	CPTAC-2	11CO007	799893aa-d523-4a08-9ea7-611cca	Tumor	Primary	Solid Tissue	Frozen
f189c788-1619-4fbf-b458-82a9c804e074	eaa6ce1f-01ed-4c26-82b2-a8bd65bd8c68.rna_seq.augmented_star_gene_counts.tsv	Transcriptome Profiling	Gene Expression Quantification	CPTAC-2	05CO026	b2615b47-5ac2-4775-9205-50990d	Tumor	Primary	Solid Tissue	Frozen
621fa7dd-6650-41b3-92bf-196bc67b43b7	51b923aa-b4f5-41bc-a688-d250f2c49318.rna_seq.augmented_star_gene_counts.tsv	Transcriptome Profiling	Gene Expression Quantification	CPTAC-2	01CO022	7a0266b4-b07c-41dc-8ddd-350e1b	Tumor	Primary	Solid Tissue	Frozen
3bbac6c7-4c64-48a6-8d2e-9894c430fbfa	0b3f940a-9101-4c67-b7e9-77cb34d30760.rna_seq.augmented_star_gene_counts.tsv	Transcriptome Profiling	Gene Expression Quantification	CPTAC-2	01CO001	760f15d2-444c-4deb-b133-62f3ca	Tumor	Primary	Solid Tissue	Frozen
5ddc718b-423a-4837-b159-35d9e90c4957	5bfdbc0b-7104-4e9c-ab7c-684b73897d9b.rna_seq.augmented_star_gene_counts.tsv	Transcriptome Profiling	Gene Expression Quantification	CPTAC-2	05CO020	803736b3-9ca9-4f9f-bdfe-8783e3	Tumor	Primary	Solid Tissue	Frozen
d4c7e604-3e4b-4d11-9754-2bd3848c1c16	0fdf6658-cbc5-4ace-a766-6240e1311fdb.rna_seq.augmented_star_gene_counts.tsv	Transcriptome Profiling	Gene Expression Quantification	CPTAC-2	05CO029	58a92726-4d1f-4e44-8938-52b97d	Tumor	Primary	Solid Tissue	Frozen
1ff59114-826b-4f37-99dd-894ae30d4e93	f26eda94-fc25-4b46-b5b6-3e70efc120cc.rna_seq.augmented_star_gene_counts.tsv	Transcriptome Profiling	Gene Expression Quantification	CPTAC-2	15CO001	c2db7236-990c-42b6-9ffb-2ad150	Tumor	Primary	Solid Tissue	Frozen
080f8c74-76c9-484e-b7b7-16a2c60da497	0f6e1b4a-bdb1-435d-9d63-e7f35ef76106.rna_seq.augmented_star_gene_counts.tsv	Transcriptome Profiling	Gene Expression Quantification	CPTAC-2	14CO002	5a85e6e7-35ab-4ca9-ab62-707e77	Tumor	Primary	Solid Tissue	Frozen
ac157de6-56c4-42e1-adfa-46cb153f0e4e	36661c73-359b-44a0-92dc-f0e09c1b6278.rna_seq.augmented_star_gene_counts.tsv	Transcriptome Profiling	Gene Expression Quantification	CPTAC-2	11CO057	e515eb5c-8005-416a-9b42-59de9d	Tumor	Primary	Solid Tissue	Frozen
c2dcb66e-6fa3-44c6-8820-2482009de447	c73486d5-706c-4490-8732-74413efcdc02.rna_seq.augmented_star_gene_counts.tsv	Transcriptome Profiling	Gene Expression Quantification	CPTAC-2	21CO007	a467b905-fc0b-427b-8753-6d38dd	Tumor	Primary	Solid Tissue	Frozen
f894d952-ea6f-4e16-8c67-4f51bd2b8940	bd64e98d-76c3-4a2c-8207-36e9bb21a5a1.rna_seq.augmented_star_gene_counts.tsv	Transcriptome Profiling	Gene Expression Quantification	CPTAC-2	11CO044	7e3d5ae0-3dcc-4207-8dd2-59ab4b	Tumor	Primary	Solid Tissue	Frozen
dcffa84a-e1e8-4003-a612-4ec5eee48b95	7f70af89-ba32-4893-add7-e6d8b126baa9.rna_seq.augmented_star_gene_counts.tsv	Transcriptome Profiling	Gene Expression Quantification	CPTAC-2	11CO070	c8694e31-2c8f-4eb6-a7ef-a137d9	Tumor	Primary	Solid Tissue	Frozen
b445f10e-9c4c-4c72-a61b-78134e80fa2c	00f7bc03-af70-4cab-9ff2-c0a7b7887236.rna_seq.augmented_star_gene_counts.tsv	Transcriptome Profiling	Gene Expression Quantification	CPTAC-2	11CO019	722378ea-d1a7-4cfc-aca5-ba45f9	Tumor	Primary	Solid Tissue	Frozen
ca6f8a64-1475-4106-aa00-7d0db7d138d7	b9d03883-d4b2-43c7-875f-222180c9687c.rna_seq.augmented_star_gene_counts.tsv	Transcriptome Profiling	Gene Expression Quantification	CPTAC-2	11CO005	bc574f73-89ba-44d7-992e-82622c	Tumor	Primary	Solid Tissue	Frozen
ddb546a8-f159-40d1-abb9-5e319a5a1aa0	d59ca5d0-d9c3-4fd6-8e3a-bcf58cfcdd4c.rna_seq.augmented_star_gene_counts.tsv	Transcriptome Profiling	Gene Expression Quantification	CPTAC-2	11CO021	cf795cd2-317b-4897-a35e-390001	Tumor	Primary	Solid Tissue	Frozen
c303e27f-7109-4ef5-b6a6-da6071a4a76d	9b4ec506-03c7-404e-9e81-147bd3a5fede.rna_seq.augmented_star_gene_counts.tsv	Transcriptome Profiling	Gene Expression Quantification	CPTAC-2	05CO015	0aef1fe8-ca61-4113-81d0-d82ee7	Tumor	Primary	Solid Tissue	Frozen
ca8ebe77-f2b6-40e2-8f20-0bf350cd3722	6096e959-166d-4c1a-a0d6-c6095b75c80a.rna_seq.augmented_star_gene_counts.tsv	Transcriptome Profiling	Gene Expression Quantification	CPTAC-2	11CO032	01d1ffca-4235-4dfe-bf62-56f71d	Tumor	Primary	Solid Tissue	Frozen
75ad2c12-90b9-4e30-8c75-4e89704daf46	77744e3f-9408-4efc-8605-6742da895a5c.rna_seq.augmented_star_gene_counts.tsv	Transcriptome Profiling	Gene Expression Quantification	CPTAC-2	16CO012	6a9a1d66-d666-44df-a68e-ddc58d	Tumor	Primary	Solid Tissue	Frozen
a0e79791-1fef-4c5b-bbcf-7c12464e1fd4	03f497fe-1754-4a29-bab9-01e13d541f20.rna_seq.augmented_star_gene_counts.tsv	Transcriptome Profiling	Gene Expression Quantification	CPTAC-2	11CO051	f2a13f8d-b129-4567-beae-049b15	Tumor	Primary	Solid Tissue	Frozen
fc126b30-78fd-4350-a7ef-05127cddc78e	7f90803a-fb3b-415a-a912-6976b5188464.rna_seq.augmented_star_gene_counts.tsv	Transcriptome Profiling	Gene Expression Quantification	CPTAC-2	11CO077	5557e478-3e6f-475b-8acc-1b4159	Tumor	Primary	Solid Tissue	Frozen
cd8eec4e-4692-42a2-99bd-11744a97eb38	cfc015f1-2dd0-4963-929e-d53475366675.rna_seq.augmented_star_gene_counts.tsv	Transcriptome Profiling	Gene Expression Quantification	CPTAC-2	11CO039	e295a7d1-a0d0-4b0b-bdc2-729a0d	Tumor	Primary	Solid Tissue	Frozen
aa518008-3f26-471e-9299-91709a7806ba	92d6a299-df26-412b-b343-0eecd46a8fa9.rna_seq.augmented_star_gene_counts.tsv	Transcriptome Profiling	Gene Expression Quantification	CPTAC-2	11CO052	0630ecb0-b664-4e75-bb3c-fb62ee	Tumor	Primary	Solid Tissue	Frozen
40bae59e-f9a0-4c79-a146-c3be2d6f900f	0ee68b58-fa65-440d-8f95-cd653312a5e2.rna_seq.augmented_star_gene_counts.tsv	Transcriptome Profiling	Gene Expression Quantification	CPTAC-2	05CO005	21880d70-69eb-4f09-bea9-8de3e6	Tumor	Primary	Solid Tissue	Frozen
2ac8fc00-0df3-4b16-88f0-72a4f373a5f9	e3072d09-e760-4956-b680-1180509b9ca4.rna_seq.augmented_star_gene_counts.tsv	Transcriptome Profiling	Gene Expression Quantification	CPTAC-2	05CO007	9899e1ad-62e1-4cc2-91fc-49b85c	Tumor	Primary	Solid Tissue	Frozen
22f8c89b-05a1-4498-bfce-02c23da31894	90d8a7b1-8e93-4dc8-9adb-fb1f678f06db.rna_seq.augmented_star_gene_counts.tsv	Transcriptome Profiling	Gene Expression Quantification	CPTAC-2	11CO033	8960a27e-69d8-4ec8-a795-c6cf8a	Tumor	Primary	Solid Tissue	Frozen
a815f542-7648-4bbb-8598-9c4fe51ecbfc	85637317-843e-49da-840c-d9e07747e6ad.rna_seq.augmented_star_gene_counts.tsv	Transcriptome Profiling	Gene Expression Quantification	CPTAC-2	11CO022	21c6f56a-8881-421b-81fa-c354cb	Tumor	Primary	Solid Tissue	Frozen
867e6219-2843-4f2e-a5f7-e99b5bb5d7cb	b4280d65-1227-4dd6-ba81-84bdfa4cb438.rna_seq.augmented_star_gene_counts.tsv	Transcriptome Profiling	Gene Expression Quantification	CPTAC-2	11CO020	52d61ab1-5781-4b47-8e88-37c2ea	Tumor	Primary	Solid Tissue	Frozen
ed423f7e-dd0d-41b3-b35c-31bf4396546e	4cc5206f-03b3-4977-8e3e-4c6ea83406fa.rna_seq.augmented_star_gene_counts.tsv	Transcriptome Profiling	Gene Expression Quantification	CPTAC-2	05CO033	2f8b02e4-1848-4abc-a95e-dd9eb5	Tumor	Primary	Solid Tissue	Frozen
e265c9e0-a147-4ed5-9c2a-d8005142845c	95cb4391-30a4-4e88-9f45-d6dc817c1ee2.rna_seq.augmented_star_gene_counts.tsv	Transcriptome Profiling	Gene Expression Quantification	CPTAC-2	05CO045	92c1ebb5-ac1d-4bf5-a14f-516e1d	Tumor	Primary	Solid Tissue	Frozen
ab852bfc-823f-4926-bdf3-ab0c921d76df	090b2a10-8e1f-4b8d-9dbf-0f333a671abc.rna_seq.augmented_star_gene_counts.tsv	Transcriptome Profiling	Gene Expression Quantification	CPTAC-2	11CO045	f4bccfe4-98d0-466b-a6d7-44341b	Tumor	Primary	Solid Tissue	Frozen
5d62d7fb-4ba1-4db6-89c6-49e30cc197ce	e75dc551-a6d1-4f98-8b09-3b977fca76e1.rna_seq.augmented_star_gene_counts.tsv	Transcriptome Profiling	Gene Expression Quantification	CPTAC-2	01CO008	9452572f-e3ec-4063-a82e-43ac90	Tumor	Primary	Solid Tissue	Frozen
8787e4fd-785e-43db-981e-727a76723b14	40c9d231-f05e-45d6-a368-24c39fa194b3.rna_seq.augmented_star_gene_counts.tsv	Transcriptome Profiling	Gene Expression Quantification	CPTAC-2	09CO011	1425a1a1-c835-47a2-a9b9-4db5d0	Tumor	Primary	Solid Tissue	Frozen
6a553a08-4a07-412d-bcb9-58eb1d90188f	1cd42420-5b36-42b1-a9e5-d80c17b317ba.rna_seq.augmented_star_gene_counts.tsv	Transcriptome Profiling	Gene Expression Quantification	CPTAC-2	11CO062	e8faa3a7-9fc7-428e-9334-a0afd0	Tumor	Primary	Solid Tissue	Frozen
987d0499-b384-49ea-ae28-a76194d85b4a	9c159113-5143-4390-8762-01623d6c409e.rna_seq.augmented_star_gene_counts.tsv	Transcriptome Profiling	Gene Expression Quantification	CPTAC-2	14CO005	db3f5ad9-d14d-4126-a3e7-d80faa	Tumor	Primary	Solid Tissue	Frozen
98095f18-a770-4081-a20a-e4be6ad5082e	b305e211-23a5-44cb-8c28-157de589bf7a.rna_seq.augmented_star_gene_counts.tsv	Transcriptome Profiling	Gene Expression Quantification	CPTAC-2	24CO005	b75e68fd-cfa1-4e9e-b4c1-a57ad8	Tumor	Primary	Solid Tissue	Frozen
0e93cda6-1c3e-429f-87cb-6599d1fc2574	5281357b-c46e-42b5-95db-dc1b18c11ffd.rna_seq.augmented_star_gene_counts.tsv	Transcriptome Profiling	Gene Expression Quantification	CPTAC-2	05CO003	7cc7f69f-99f5-4b23-a9e0-ba0dc8	Tumor	Primary	Solid Tissue	Frozen
ca487c44-794e-4f2d-9882-575a7df963d7	6eec79fc-52c6-4f07-9e55-21ac6cd22302.rna_seq.augmented_star_gene_counts.tsv	Transcriptome Profiling	Gene Expression Quantification	CPTAC-2	09CO022	f69deaeb-6b6f-4c61-8900-fd0f26	Tumor	Primary	Solid Tissue	Frozen
6ef993a5-88b4-4c3f-90ef-18a19771bf7d	1afba27d-b237-4655-960d-347fe6bfba91.rna_seq.augmented_star_gene_counts.tsv	Transcriptome Profiling	Gene Expression Quantification	CPTAC-2	09CO013	dffcac99-9eac-4717-aeb6-f4a2e7	Tumor	Primary	Solid Tissue	Frozen
1085f238-83b9-468c-b8de-bd969b50e28e	48cc4e7d-842a-4551-8e0d-46778ba37029.rna_seq.augmented_star_gene_counts.tsv	Transcriptome Profiling	Gene Expression Quantification	CPTAC-2	27CO004	d0511ea6-43c3-4c61-b08e-cf49b7	Tumor	Primary	Solid Tissue	Frozen
70eac580-5b5d-4ce0-8630-085e2e2c6b23	473a743f-5df3-459e-b9d3-625519a851bc.rna_seq.augmented_star_gene_counts.tsv	Transcriptome Profiling	Gene Expression Quantification	CPTAC-2	06CO002	4b263734-430f-41dc-a296-8691f0	Tumor	Primary	Solid Tissue	Frozen
bc33c89a-af22-49da-b042-d0d74d058ac9	29bbe5d7-82b1-474c-ad15-600c353d5360.rna_seq.augmented_star_gene_counts.tsv	Transcriptome Profiling	Gene Expression Quantification	CPTAC-2	01CO014	be2d5946-3452-4003-880a-e0372e	Tumor	Primary	Solid Tissue	Frozen
dabb0e59-8a93-4aa7-8ed2-b6bd22184740	1e673c7c-7885-4ea7-8c03-2aa43464e880.rna_seq.augmented_star_gene_counts.tsv	Transcriptome Profiling	Gene Expression Quantification	CPTAC-2	11CO037	1563ef63-d2e6-406f-adc1-255949	Tumor	Primary	Solid Tissue	Frozen
47223194-1d72-4848-aa3b-221c9ffcd8fa	10bc7617-5087-4979-99c2-aaf776c60298.rna_seq.augmented_star_gene_counts.tsv	Transcriptome Profiling	Gene Expression Quantification	CPTAC-2	05CO047	01bf1906-9bdc-41c3-89a0-b89ef6	Tumor	Primary	Solid Tissue	Frozen
8e99133d-3ea3-49f1-9bf8-557c4425c5dd	00bd65e5-d2e6-4ace-99cb-89bfac8571d6.rna_seq.augmented_star_gene_counts.tsv	Transcriptome Profiling	Gene Expression Quantification	CPTAC-2	16CO011	7782134d-02db-44ee-adfa-fc1372	Tumor	Primary	Solid Tissue	Frozen
6ee3efe2-1932-400e-8bc7-15362eb89136	3e1c1294-7e07-45c5-b297-dc91b1cc3fda.rna_seq.augmented_star_gene_counts.tsv	Transcriptome Profiling	Gene Expression Quantification	CPTAC-2	06CO001	87408d9e-4029-4e8f-b14c-8efc04	Tumor	Primary	Solid Tissue	Frozen
46591224-ceed-4db1-b30c-b8323034639c	1831f0df-2dbf-48e3-8bf0-ae71d3f8e665.rna_seq.augmented_star_gene_counts.tsv	Transcriptome Profiling	Gene Expression Quantification	CPTAC-2	11CO043	591fb460-703a-437d-8d9a-ff2a35	Tumor	Primary	Solid Tissue	Frozen
323195bc-0cd4-4776-98ee-4df40163e914	f39767e6-6829-4a2d-a1a4-304a2eb30e61.rna_seq.augmented_star_gene_counts.tsv	Transcriptome Profiling	Gene Expression Quantification	CPTAC-2	20CO004	f0bb6ff4-7cb8-427f-84bf-7f51d7	Tumor	Primary	Solid Tissue	Frozen
a8f98e4a-9a0c-4124-ba75-c8365612a0ee	7566d6c3-ccd1-4909-a083-7a0b8f0d4ec1.rna_seq.augmented_star_gene_counts.tsv	Transcriptome Profiling	Gene Expression Quantification	CPTAC-2	20CO001	d8345fa1-f692-4025-bc82-bfaec6	Tumor	Primary	Solid Tissue	Frozen
30bd820a-3a52-472d-bd9f-dc8818e482f9	183a910a-345a-497c-98a7-7009880465c5.rna_seq.augmented_star_gene_counts.tsv	Transcriptome Profiling	Gene Expression Quantification	CPTAC-2	09CO018	743c74e4-cd76-4f38-8cb4-3c9107	Tumor	Primary	Solid Tissue	Frozen
6973caf9-c302-4f40-b762-31c49a31f9d8	d4678a7a-b087-44b4-bc9c-f8a61177270e.rna_seq.augmented_star_gene_counts.tsv	Transcriptome Profiling	Gene Expression Quantification	CPTAC-2	05CO050	17cd2121-d347-431c-9cc7-fbab14	Tumor	Primary	Solid Tissue	Frozen
91c2ba37-efb9-4c61-a4ca-b13289330058	033e387f-3aaf-444a-8904-c642e630b86a.rna_seq.augmented_star_gene_counts.tsv	Transcriptome Profiling	Gene Expression Quantification	CPTAC-2	16CO006	97423edb-6f19-4b41-a7cb-af1635	Tumor	Primary	Solid Tissue	Frozen
4bcd3ba1-02ac-4284-b4bf-cda59f2bc94b	13ec9987-9d3b-4a75-8f10-f0bd2c6e48ec.rna_seq.augmented_star_gene_counts.tsv	Transcriptome Profiling	Gene Expression Quantification	CPTAC-2	05CO037	5a007558-764c-463b-a788-fdbccb	Tumor	Primary	Solid Tissue	Frozen
3dc960e0-9cdc-46d2-aba1-d5d02a764ef3	a6344113-4893-486c-b429-1d94b2af04d0.rna_seq.augmented_star_gene_counts.tsv	Transcriptome Profiling	Gene Expression Quantification	CPTAC-2	11CO036	21cab01c-e968-42cc-9651-1e53c0	Tumor	Primary	Solid Tissue	Frozen
38e10d96-15c3-43a3-a6d7-872a37ad80ef	679e7543-4593-46ed-9ddf-c5348000a975.rna_seq.augmented_star_gene_counts.tsv	Transcriptome Profiling	Gene Expression Quantification	CPTAC-2	20CO007	0065bfd9-e1b9-43a8-9379-9658ba	Tumor	Primary	Solid Tissue	Frozen
2557fd6d-a74a-4799-ae85-401817862b05	b8921ae5-1378-406c-9c48-6405e2f3bf06.rna_seq.augmented_star_gene_counts.tsv	Transcriptome Profiling	Gene Expression Quantification	CPTAC-2	05CO034	42216d99-e8ff-43c9-b6db-28c3a6	Tumor	Primary	Solid Tissue	Frozen
b1fb79bc-84d4-4ad7-8a25-ce3b419311dc	f3def314-d525-4675-9d93-0957d181e350.rna_seq.augmented_star_gene_counts.tsv	Transcriptome Profiling	Gene Expression Quantification	CPTAC-2	05CO054	43192517-085e-450e-9481-0a6713	Tumor	Primary	Solid Tissue	Frozen
fa47ff29-f023-4246-b0a6-dd223719647a	1705fedc-8fcd-4260-807f-c60ecc041d3f.rna_seq.augmented_star_gene_counts.tsv	Transcriptome Profiling	Gene Expression Quantification	CPTAC-2	05CO011	8495cc54-eb88-40ab-b03f-363edf	Tumor	Primary	Solid Tissue	Frozen
2cc2ce34-34fe-4d27-9b37-d5023ea14053	37c85ea2-c091-413d-b5a0-df72d2399336.rna_seq.augmented_star_gene_counts.tsv	Transcriptome Profiling	Gene Expression Quantification	CPTAC-2	14CO003	fd4edc52-09ef-4b01-be7c-f23f05	Tumor	Primary	Solid Tissue	Frozen
8da5734d-4299-46fb-9311-7d3499dd0510	2ad535ad-80bb-4b74-bf76-5aa72948b1d8.rna_seq.augmented_star_gene_counts.tsv	Transcriptome Profiling	Gene Expression Quantification	CPTAC-2	05CO049	d7608884-a0d6-4e9e-aac7-6cd813	Tumor	Primary	Solid Tissue	Frozen
98ae0373-d3ad-4918-a25b-8b9ff4c5f12d	ded9021d-ab69-4f6d-8c12-19f4ae3e998e.rna_seq.augmented_star_gene_counts.tsv	Transcriptome Profiling	Gene Expression Quantification	CPTAC-2	05CO006	a8955d38-7a72-4f9d-9c70-5c0f08	Tumor	Primary	Solid Tissue	Frozen
36d1d765-ba71-4c4e-9e87-748a209d4d1f	1e0e344a-787e-4112-830f-8c27f9785545.rna_seq.augmented_star_gene_counts.tsv	Transcriptome Profiling	Gene Expression Quantification	CPTAC-2	05CO032	695b0b00-a86b-43c0-a6c8-50a840	Tumor	Primary	Solid Tissue	Frozen
758569a2-8da1-436c-96dc-a806f797e510	ad33911a-c00f-4ee6-9044-13f1ece08bd2.rna_seq.augmented_star_gene_counts.tsv	Transcriptome Profiling	Gene Expression Quantification	CPTAC-2	11CO018	3d797911-d476-436f-9cce-33e20c	Tumor	Primary	Solid Tissue	Frozen
d404d207-4e4f-4c5d-b6b7-b576fa6f92c4	291bcf6e-03a4-425d-bd72-d7db3778af11.rna_seq.augmented_star_gene_counts.tsv	Transcriptome Profiling	Gene Expression Quantification	CPTAC-2	09CO014	1ea1d7ee-e382-4a68-8e7c-74e833	Tumor	Primary	Solid Tissue	Frozen
11af7fd4-8b9d-4f22-a1b6-49187693acb0	73f9c204-a5cd-4f47-995e-cdd41782c1bc.rna_seq.augmented_star_gene_counts.tsv	Transcriptome Profiling	Gene Expression Quantification	TCGA-UCS	TCGA-N6-A4VD	TCGA-N6-A4VD-01A	Tumor	Primary	Solid Tissue	OCT
45584684-6082-422f-abe5-ef918f8ee77a	44beea06-28a7-490a-b6bb-4e023230e51c.rna_seq.augmented_star_gene_counts.tsv	Transcriptome Profiling	Gene Expression Quantification	TCGA-BRCA	TCGA-A8-A06T	TCGA-A8-A06T-01A	Tumor	Primary	Unknown	Unknown
a9527be9-e865-4074-ae57-f3510e70c203	d6ca3b86-5a26-4467-b9a9-cb7fcc5a7316.rna_seq.augmented_star_gene_counts.tsv	Transcriptome Profiling	Gene Expression Quantification	TCGA-BRCA	TCGA-A8-A07E	TCGA-A8-A07E-01A	Tumor	Primary	Solid Tissue	Unknown
7f724059-fa84-460d-bfb2-cb6d13e6bce9	57ab4aef-e740-4494-b0b5-3b008f9d446f.rna_seq.augmented_star_gene_counts.tsv	Transcriptome Profiling	Gene Expression Quantification	TCGA-SKCM	TCGA-D3-A1QA	TCGA-D3-A1QA-07A	Tumor	Metastatic	Unknown	OCT
aff52dfe-72ed-4139-b5ee-564c3bb92663	903db52d-a7e4-4490-b256-dd1149c78f38.rna_seq.augmented_star_gene_counts.tsv	Transcriptome Profiling	Gene Expression Quantification	TCGA-SKCM	TCGA-D3-A2J7	TCGA-D3-A2J7-06A	Tumor	Metastatic	Unknown	OCT
4458ad87-231d-4a58-968c-b683e3956758	41a808d1-827d-4be9-9c13-16879e128002.rna_seq.augmented_star_gene_counts.tsv	Transcriptome Profiling	Gene Expression Quantification	TCGA-STAD	TCGA-VQ-AA6F	TCGA-VQ-AA6F-01A	Tumor	Primary	Solid Tissue	OCT
1da720c4-3a1d-4777-8cf2-51fd4e064f42	3bcf16da-5dc4-4ac5-9793-431cc48f72b3.rna_seq.augmented_star_gene_counts.tsv	Transcriptome Profiling	Gene Expression Quantification	RC-PTCL	RC-B65O	RC-B65O-TBP1-A	Tumor	Primary	Peripheral Whole Blood	Frozen
54db3619-06c7-489f-aed5-879717c70955	c44b2bc9-7f03-4cb6-aaea-d337687f521d.rna_seq.augmented_star_gene_counts.tsv	Transcriptome Profiling	Gene Expression Quantification	RC-PTCL	RC-B6SK	RC-B6SK-TMP1-A	Tumor	Primary	Bone Marrow Components NOS	Frozen
729d0f3e-2b74-4431-9741-75d5027d2ea0	d45c7c9e-7bb9-415f-8a3d-fd3cad323e5e.rna_seq.augmented_star_gene_counts.tsv	Transcriptome Profiling	Gene Expression Quantification	CPTAC-3	C621273	1104792	Tumor	Metastatic	Solid Tissue	Snap Frozen
4e7240dd-cb71-4ae4-a857-b17a07647815	dcfd9708-479a-4abc-89da-40d61b07219a.rna_seq.augmented_star_gene_counts.tsv	Transcriptome Profiling	Gene Expression Quantification	HCMI-CMDC	HCM-EXPT-1030-C18	HCM-EXPT-1030-C18-01A	Tumor	Primary	Solid Tissue	Frozen
41f511c4-9934-4ea3-bb47-dd3f26fa012a	a3bc1e4b-11d4-4016-bfec-710647f4eaae.rna_seq.augmented_star_gene_counts.tsv	Transcriptome Profiling	Gene Expression Quantification	HCMI-CMDC	HCM-EXPT-1050-C18	HCM-EXPT-1050-C18-01A	Tumor	Primary	Solid Tissue	Frozen
391f8c9f-cbc8-46cf-9697-5947802e5df5	4fcad611-1a3a-4951-a679-93ab54241674.rna_seq.augmented_star_gene_counts.tsv	Transcriptome Profiling	Gene Expression Quantification	HCMI-CMDC	HCM-EXPT-1244-C18	HCM-EXPT-1244-C18-01A	Tumor	Primary	Solid Tissue	Frozen
03c9bfb8-dfc1-459d-b6fb-f6c5e06fc64f	41642c94-2337-4f01-9028-5a6d41551a65.rna_seq.augmented_star_gene_counts.tsv	Transcriptome Profiling	Gene Expression Quantification	HCMI-CMDC	HCM-CSHL-1270-C18	HCM-CSHL-1270-C18-85N	Tumor	Metastatic	3D Organoid	Frozen
70ca64b5-fea6-4d62-a8c0-39b9ca447ad7	0e9649a0-1b02-40cb-bb9c-72f93957a6b6.rna_seq.augmented_star_gene_counts.tsv	Transcriptome Profiling	Gene Expression Quantification	HCMI-CMDC	HCM-CSHL-0664-C18	HCM-CSHL-0664-C18-06A	Tumor	Metastatic	Solid Tissue	Frozen
afa9b798-f0be-4c66-bacc-158bb04ca420	cddd1e0b-8c4d-40f5-af3a-b7dc842dc5b4.rna_seq.augmented_star_gene_counts.tsv	Transcriptome Profiling	Gene Expression Quantification	HCMI-CMDC	HCM-STAN-1113-C18	HCM-STAN-1113-C18-01A	Tumor	Primary	Solid Tissue	Frozen
b0a41520-cdd2-42cc-89f2-01ae1fe61e17	2e74f5df-1bfe-4bc2-b17b-18ef07683016.rna_seq.augmented_star_gene_counts.tsv	Transcriptome Profiling	Gene Expression Quantification	HCMI-CMDC	HCM-CSHL-0258-C18	HCM-CSHL-0258-C18-85D	Tumor	Primary	3D Organoid	Frozen
5511dc9f-7579-4110-a0a8-df1b8a23550d	6623b6f7-a114-443e-9abe-70df851fe495.rna_seq.augmented_star_gene_counts.tsv	Transcriptome Profiling	Gene Expression Quantification	HCMI-CMDC	HCM-CSHL-0258-C18	HCM-CSHL-0258-C18-01A	Tumor	Primary	Solid Tissue	Frozen
f152b570-ba35-4123-ba0c-b5ecb78759e9	aee282bb-3bfa-4f89-9fca-62ff4a77259c.rna_seq.augmented_star_gene_counts.tsv	Transcriptome Profiling	Gene Expression Quantification	HCMI-CMDC	HCM-EXPT-1000-C18	HCM-EXPT-1000-C18-01A	Tumor	Primary	Solid Tissue	Frozen
38273090-43dc-4db8-ad1c-aecf2dc38ab5	56fe47b3-4b1a-458c-b844-96c7a1f4be60.rna_seq.augmented_star_gene_counts.tsv	Transcriptome Profiling	Gene Expression Quantification	HCMI-CMDC	HCM-EXPT-1218-C18	HCM-EXPT-1218-C18-01A	Tumor	Primary	Solid Tissue	Frozen
ba63ec40-3220-4eb9-9b98-1f754ecab076	6796d1ba-6f69-446a-ac53-f6b2ac05ed94.rna_seq.augmented_star_gene_counts.tsv	Transcriptome Profiling	Gene Expression Quantification	HCMI-CMDC	HCM-SANG-1337-C18	HCM-SANG-1337-C18-85A-01R-A80W-32	Tumor	Primary	3D Organoid	Frozen
8a6f640e-285b-476f-92d1-e6d46b566ec9	dc22c968-b1a5-4904-9874-3b337872a564.rna_seq.augmented_star_gene_counts.tsv	Transcriptome Profiling	Gene Expression Quantification	HCMI-CMDC	HCM-WCMC-0504-C18	HCM-WCMC-0504-C18-01A	Tumor	Primary	Solid Tissue	Frozen
6174ed0b-35b1-4ff5-ab75-b99905de2fff	a3934895-48ec-426d-9fa9-1c96932ea547.rna_seq.augmented_star_gene_counts.tsv	Transcriptome Profiling	Gene Expression Quantification	HCMI-CMDC	HCM-WCMC-0504-C18	HCM-WCMC-0504-C18-85A	Tumor	Primary	3D Organoid	Cryopreserved
b20c54d5-0035-4e5d-95b8-cbb825679cf1	54db9e69-7fb7-47e8-960f-406023cda3f6.rna_seq.augmented_star_gene_counts.tsv	Transcriptome Profiling	Gene Expression Quantification	HCMI-CMDC	HCM-STAN-0841-C18	HCM-STAN-0841-C18-01A	Tumor	Primary	Solid Tissue	Frozen
fea3ed06-eedb-4b19-9904-ee88573cc23b	9ed0c331-aa64-4928-83d1-7fb6be9b0d24.rna_seq.augmented_star_gene_counts.tsv	Transcriptome Profiling	Gene Expression Quantification	HCMI-CMDC	HCM-SANG-0276-C18	HCM-SANG-0276-C18-85A-01R-A80W-32	Tumor	Primary	3D Organoid	Unknown
9e57a9b2-1a21-4bb8-8852-9a2239d3b688	2c102986-13e0-47df-92ff-8dea336c5758.rna_seq.augmented_star_gene_counts.tsv	Transcriptome Profiling	Gene Expression Quantification	HCMI-CMDC	HCM-CSHL-0247-C18	HCM-CSHL-0247-C18-85A	Tumor	Primary	3D Organoid	Frozen
8c933094-aad9-4327-acde-caf340ef7ab8	dd856a54-8742-4a1b-b4a8-5288585e74cf.rna_seq.augmented_star_gene_counts.tsv	Transcriptome Profiling	Gene Expression Quantification	HCMI-CMDC	HCM-SANG-0283-C18	HCM-SANG-0283-C18-85A-01R-A80W-32	Tumor	Primary	3D Organoid	Unknown
e0309257-877b-4676-85d3-d4e0d5854328	45939b89-9b0f-483f-bce0-e1a150778d5c.rna_seq.augmented_star_gene_counts.tsv	Transcriptome Profiling	Gene Expression Quantification	HCMI-CMDC	HCM-CSHL-0247-C18	HCM-CSHL-0247-C18-01A	Tumor	Primary	Solid Tissue	Frozen
d29f4199-cdfd-4957-ae98-73639a9c6079	f1e124c2-9efe-46b4-a0d4-60e8d0b0d197.rna_seq.augmented_star_gene_counts.tsv	Transcriptome Profiling	Gene Expression Quantification	HCMI-CMDC	HCM-SANG-0271-D12	HCM-SANG-0271-D12-86A	Tumor	Premalignant	3D Organoid	Frozen
af538b50-a640-409e-8074-8ce929af779d	94c2df83-7687-4fed-a486-e2ca2a95ac05.rna_seq.augmented_star_gene_counts.tsv	Transcriptome Profiling	Gene Expression Quantification	HCMI-CMDC	HCM-SANG-0280-C18	HCM-SANG-0280-C18-85A	Tumor	Primary	3D Organoid	Frozen
f3323bec-8ef2-4217-925b-93daf63dff98	6b7f141d-6658-4954-9b5a-6aef30173db0.rna_seq.augmented_star_gene_counts.tsv	Transcriptome Profiling	Gene Expression Quantification	HCMI-CMDC	HCM-SANG-0268-C18	HCM-SANG-0268-C18-85A	Tumor	Primary	3D Organoid	Frozen
c032aac0-6cba-47b7-8487-62d25a42dea4	05bee643-cd27-43bb-9018-57bc9706987f.rna_seq.augmented_star_gene_counts.tsv	Transcriptome Profiling	Gene Expression Quantification	HCMI-CMDC	HCM-SANG-0274-C18	HCM-SANG-0274-C18-85A	Tumor	Primary	3D Organoid	Frozen
11be116a-2014-4685-99fc-13badbb91841	a7e786ca-c30b-4274-b074-df47d84392ec.rna_seq.augmented_star_gene_counts.tsv	Transcriptome Profiling	Gene Expression Quantification	HCMI-CMDC	HCM-CSHL-0382-C19	HCM-CSHL-0382-C19-01A	Tumor	Primary	Solid Tissue	Frozen
6ce84281-aa29-467d-94d1-c31fc43698cb	f20e7516-f8e2-427d-8194-16de73e85016.rna_seq.augmented_star_gene_counts.tsv	Transcriptome Profiling	Gene Expression Quantification	HCMI-CMDC	HCM-CSHL-0142-C18	HCM-CSHL-0142-C18-01A	Tumor	Primary	Solid Tissue	Frozen
2de49665-f00e-46f9-899b-95f4eb08c0cc	b3f4bbe6-d54a-4bbe-8183-6031370ff32c.rna_seq.augmented_star_gene_counts.tsv	Transcriptome Profiling	Gene Expression Quantification	HCMI-CMDC	HCM-CSHL-0238-C18	HCM-CSHL-0238-C18-85A	Tumor	Primary	3D Organoid	Frozen
ba98bb3f-47b0-4f8d-8e24-db64218cf2bc	5330d167-de7b-4797-ab91-705714a1a84e.rna_seq.augmented_star_gene_counts.tsv	Transcriptome Profiling	Gene Expression Quantification	HCMI-CMDC	HCM-SANG-0288-C18	HCM-SANG-0288-C18-85A	Tumor	Primary	3D Organoid	Frozen
432a058b-9067-44f4-845e-25398244766e	e3accab4-743e-4961-9db2-07b73722506a.rna_seq.augmented_star_gene_counts.tsv	Transcriptome Profiling	Gene Expression Quantification	HCMI-CMDC	HCM-CSHL-0241-C18	HCM-CSHL-0241-C18-01A	Tumor	Primary	Solid Tissue	Frozen
59dc6b77-c10c-44f2-a7c7-24af328fd3a6	6d08dd17-cf05-4c37-b0f2-5496ecd02389.rna_seq.augmented_star_gene_counts.tsv	Transcriptome Profiling	Gene Expression Quantification	HCMI-CMDC	HCM-SANG-0275-C18	HCM-SANG-0275-C18-85A	Tumor	Primary	3D Organoid	Frozen
14ca64b4-55eb-4ad5-bef2-86fd57782c1e	475d0f22-442e-4552-8449-549a3f6d5802.rna_seq.augmented_star_gene_counts.tsv	Transcriptome Profiling	Gene Expression Quantification	HCMI-CMDC	HCM-CSHL-0727-C18	HCM-CSHL-0727-C18-06A	Tumor	Metastatic	Solid Tissue	Frozen
dad7a1ac-33d8-47ab-9a4c-472f739b2dab	c8fa7e78-dc7c-4ff4-a5f6-a3d2feb51927.rna_seq.augmented_star_gene_counts.tsv	Transcriptome Profiling	Gene Expression Quantification	HCMI-CMDC	HCM-EXPT-1069-C18	HCM-EXPT-1069-C18-01A	Tumor	Primary	Solid Tissue	Frozen
2cb90e9e-34ba-4766-a7db-f805c37d54c3	a6df9aa1-bec1-40fa-8d46-58d739c48cee.rna_seq.augmented_star_gene_counts.tsv	Transcriptome Profiling	Gene Expression Quantification	HCMI-CMDC	HCM-CSHL-0880-C18	HCM-CSHL-0880-C18-85M	Tumor	Metastatic	3D Organoid	Frozen
901ae081-c6b6-4f9e-93f7-aca605b4fc26	8eb21a96-49b9-494c-848d-7bbe78d6d381.rna_seq.augmented_star_gene_counts.tsv	Transcriptome Profiling	Gene Expression Quantification	HCMI-CMDC	HCM-SANG-1334-C18	HCM-SANG-1334-C18-85A-01R-A80W-32	Tumor	Primary	3D Organoid	Frozen
a066a1d2-b6ca-479a-87bb-c7dd31df7bc4	6c2cfae1-b625-48be-8f9d-f0a39456abfb.rna_seq.augmented_star_gene_counts.tsv	Transcriptome Profiling	Gene Expression Quantification	HCMI-CMDC	HCM-STAN-1113-C18	HCM-STAN-1113-C18-85B	Tumor	Primary	3D Organoid	Frozen
899b496a-f5dc-4363-a063-fd297dc9c682	e710bfe3-42d1-4a38-9f83-e3c7d95ca910.rna_seq.augmented_star_gene_counts.tsv	Transcriptome Profiling	Gene Expression Quantification	HCMI-CMDC	HCM-CSHL-0838-C18	HCM-CSHL-0838-C18-06A	Tumor	Metastatic	Solid Tissue	Frozen
da5fe1ae-b4f2-414d-ac0d-80aac732b02a	d894e11f-301f-4de1-8a80-c51ca4c27e45.rna_seq.augmented_star_gene_counts.tsv	Transcriptome Profiling	Gene Expression Quantification	HCMI-CMDC	HCM-CSHL-0838-C18	HCM-CSHL-0838-C18-85M	Tumor	Metastatic	3D Organoid	Frozen
189d439d-30c1-46ee-8649-d83d0d430a15	103c8aa7-393e-4ddc-abad-3af291bbca01.rna_seq.augmented_star_gene_counts.tsv	Transcriptome Profiling	Gene Expression Quantification	HCMI-CMDC	HCM-SANG-1300-C18	HCM-SANG-1300-C18-85A-01R-A80W-32	Tumor	Primary	3D Organoid	Frozen
9cff2c24-657b-4b26-9cfb-5e170318e471	3f6f7053-538a-4d29-94ab-8022d5c25364.rna_seq.augmented_star_gene_counts.tsv	Transcriptome Profiling	Gene Expression Quantification	HCMI-CMDC	HCM-SANG-0276-C18	HCM-SANG-0276-C18-85A	Tumor	Primary	3D Organoid	Frozen
dd1d63d2-450a-4c22-9da9-daa8984c5aa4	129aa374-5c55-45b3-919c-f14603eddda6.rna_seq.augmented_star_gene_counts.tsv	Transcriptome Profiling	Gene Expression Quantification	HCMI-CMDC	HCM-SANG-0282-C18	HCM-SANG-0282-C18-85A	Tumor	Primary	3D Organoid	Frozen
6bfedbd4-6cd2-4cbd-ae78-449cd01d6792	f12d3d97-25b6-43fc-a3d6-f852d6a3510c.rna_seq.augmented_star_gene_counts.tsv	Transcriptome Profiling	Gene Expression Quantification	HCMI-CMDC	HCM-SANG-0283-C18	HCM-SANG-0283-C18-85A	Tumor	Primary	3D Organoid	Frozen
0f2afe6c-874d-4b00-af46-3ff7bcd9caec	65473d54-8aa9-42b3-bde3-49b364f3e171.rna_seq.augmented_star_gene_counts.tsv	Transcriptome Profiling	Gene Expression Quantification	HCMI-CMDC	HCM-CSHL-0164-C20	HCM-CSHL-0164-C20-85A	Tumor	Metastatic	3D Organoid	Frozen
932c358e-cf12-48eb-a76c-9eda7ab7e220	29528ac1-b1c1-400d-882a-7ac09e258019.rna_seq.augmented_star_gene_counts.tsv	Transcriptome Profiling	Gene Expression Quantification	HCMI-CMDC	HCM-CSHL-0065-C20	HCM-CSHL-0065-C20-06A	Tumor	Metastatic	Solid Tissue	Frozen
be990bed-9dae-48e6-855e-c532accabc8a	7e76f50c-b16a-4c24-ae6f-5fa25508f0c9.rna_seq.augmented_star_gene_counts.tsv	Transcriptome Profiling	Gene Expression Quantification	HCMI-CMDC	HCM-CSHL-0237-C18	HCM-CSHL-0237-C18-01B	Tumor	Primary	Solid Tissue	FFPE
b740e540-4203-4310-9882-7096a27515b6	d18520dc-f099-4571-b2f7-a98c4a904d65.rna_seq.augmented_star_gene_counts.tsv	Transcriptome Profiling	Gene Expression Quantification	HCMI-CMDC	HCM-SANG-0285-C18	HCM-SANG-0285-C18-85A-01R-A80W-32	Tumor	Primary	3D Organoid	Unknown
5dd4f92e-720f-449d-8ead-d29dd528c402	4831b759-c5dc-40d1-8d0f-b4fc4bc1eb32.rna_seq.augmented_star_gene_counts.tsv	Transcriptome Profiling	Gene Expression Quantification	HCMI-CMDC	HCM-CSHL-0245-C18	HCM-CSHL-0245-C18-85A	Tumor	Primary	3D Organoid	Frozen
048e1c6a-4a9b-4379-9f42-b205176cddc7	e72e02e8-c91b-4965-b021-35e12b6e617a.rna_seq.augmented_star_gene_counts.tsv	Transcriptome Profiling	Gene Expression Quantification	HCMI-CMDC	HCM-EXPT-0997-C18	HCM-EXPT-0997-C18-01A	Tumor	Primary	Solid Tissue	Frozen
ebf3becb-b871-42dc-858a-1600792485a4	84da61c5-2465-4ff0-bd07-060988d2a6a1.rna_seq.augmented_star_gene_counts.tsv	Transcriptome Profiling	Gene Expression Quantification	HCMI-CMDC	HCM-CSHL-0664-C18	HCM-CSHL-0664-C18-85M	Tumor	Metastatic	3D Organoid	Frozen
8a43b118-08dd-4b7f-991e-1d7f3da316fc	b7c43b1e-7d86-42ed-b1a7-9ffc2df5684d.rna_seq.augmented_star_gene_counts.tsv	Transcriptome Profiling	Gene Expression Quantification	HCMI-CMDC	HCM-CSHL-0376-D37	HCM-CSHL-0376-D37-85P	Tumor	Premalignant	3D Organoid	Frozen
0f68cfdc-4abc-486b-938d-a7bea44b5c6c	986d87d1-0f27-4833-8be7-31678e0255b5.rna_seq.augmented_star_gene_counts.tsv	Transcriptome Profiling	Gene Expression Quantification	HCMI-CMDC	HCM-CSHL-0141-C18	HCM-CSHL-0141-C18-01A	Tumor	Primary	Solid Tissue	Frozen
e8d266ba-0e62-4e19-ac28-93a56041a8b3	0de12afd-43cc-49e7-a932-21f43ec4f92a.rna_seq.augmented_star_gene_counts.tsv	Transcriptome Profiling	Gene Expression Quantification	HCMI-CMDC	HCM-CSHL-0317-C18	HCM-CSHL-0317-C18-85A	Tumor	Primary	3D Organoid	Frozen
fd97077f-d9c0-47ec-82bf-0334720b01f6	c5f2e898-f42a-44a2-9b3f-8af491c99857.rna_seq.augmented_star_gene_counts.tsv	Transcriptome Profiling	Gene Expression Quantification	HCMI-CMDC	HCM-CSHL-0064-C18	HCM-CSHL-0064-C18-86A	Tumor	Primary	3D Organoid	Frozen
ef6ef938-aa8e-4503-af4a-68a424031407	d4e5771d-0dcd-43d3-80d5-d03db29935e2.rna_seq.augmented_star_gene_counts.tsv	Transcriptome Profiling	Gene Expression Quantification	HCMI-CMDC	HCM-CSHL-0376-D37	HCM-CSHL-0376-D37-31A	Tumor	Premalignant	Solid Tissue	Frozen
b37a8647-0491-4116-a43f-be49d201181b	af64c7e9-7d2f-41bb-98d0-1f468c1f385e.rna_seq.augmented_star_gene_counts.tsv	Transcriptome Profiling	Gene Expression Quantification	HCMI-CMDC	HCM-CSHL-0461-D12	HCM-CSHL-0461-D12-85P	Tumor	Premalignant	3D Organoid	Frozen
47ed0638-8f2f-46a8-b012-5bafb5ca0516	23779530-e7a0-46c6-a450-c8990ffd3413.rna_seq.augmented_star_gene_counts.tsv	Transcriptome Profiling	Gene Expression Quantification	HCMI-CMDC	HCM-CSHL-0461-D12	HCM-CSHL-0461-D12-86A	Tumor	Premalignant	3D Organoid	Frozen
41ae7547-5a1a-4549-828e-87169d6ca9a2	dcf430e3-c9fb-4ea4-8e8f-28b7a8f2faf6.rna_seq.augmented_star_gene_counts.tsv	Transcriptome Profiling	Gene Expression Quantification	HCMI-CMDC	HCM-SANG-0284-C18	HCM-SANG-0284-C18-85A-01R-A80W-32	Tumor	Primary	3D Organoid	Unknown
f599294a-5659-460e-b6cc-ff2daa165939	66b4321b-01c8-4807-a93c-33d44527ff9d.rna_seq.augmented_star_gene_counts.tsv	Transcriptome Profiling	Gene Expression Quantification	HCMI-CMDC	HCM-SANG-0273-C18	HCM-SANG-0273-C18-85A	Tumor	Primary	3D Organoid	Frozen
a7971a05-29a5-4f5a-a9d0-b7ea7a838161	292c0e46-268f-415e-a9ec-f8481f9cf649.rna_seq.augmented_star_gene_counts.tsv	Transcriptome Profiling	Gene Expression Quantification	HCMI-CMDC	HCM-SANG-0280-C18	HCM-SANG-0280-C18-85A-01R-A80W-32	Tumor	Primary	3D Organoid	Unknown
5468a115-a47b-4595-8406-5e4a1244725b	65fbcad0-b1ed-4d93-bc28-e59d48326a37.rna_seq.augmented_star_gene_counts.tsv	Transcriptome Profiling	Gene Expression Quantification	HCMI-CMDC	HCM-SANG-0268-C18	HCM-SANG-0268-C18-85A-01R-A80W-32	Tumor	Primary	3D Organoid	Unknown
eb6fd4ad-1537-4dae-b13a-8ac7925d50f8	43210c5f-e557-4791-984c-10c85e6ae80d.rna_seq.augmented_star_gene_counts.tsv	Transcriptome Profiling	Gene Expression Quantification	HCMI-CMDC	HCM-CSHL-0164-C20	HCM-CSHL-0164-C20-06A	Tumor	Metastatic	Solid Tissue	Frozen
4756c15a-64a2-485a-9300-fe7d7dfd5f23	44b81931-ab7f-4c8c-827c-9e5f39e34a02.rna_seq.augmented_star_gene_counts.tsv	Transcriptome Profiling	Gene Expression Quantification	HCMI-CMDC	HCM-SANG-0274-C18	HCM-SANG-0274-C18-85A-01R-A80W-32	Tumor	Primary	3D Organoid	Unknown
0e95c8a8-8bc3-4016-be71-acdc9411a369	24ee1455-865e-4bf0-a7ce-de2d0de3465f.rna_seq.augmented_star_gene_counts.tsv	Transcriptome Profiling	Gene Expression Quantification	HCMI-CMDC	HCM-CSHL-0238-C18	HCM-CSHL-0238-C18-01B	Tumor	Primary	Solid Tissue	FFPE
0ac4d1c0-f140-4983-97b8-abe70bc906bf	ad937474-a465-40da-bbe6-5e82ae47a7ea.rna_seq.augmented_star_gene_counts.tsv	Transcriptome Profiling	Gene Expression Quantification	HCMI-CMDC	HCM-CSHL-0237-C18	HCM-CSHL-0237-C18-85A	Tumor	Primary	3D Organoid	Frozen
ad324b70-809a-4ed0-87f8-7bb0fae093b8	4b0f0f69-91f7-442d-b80d-0bd22a45d4b5.rna_seq.augmented_star_gene_counts.tsv	Transcriptome Profiling	Gene Expression Quantification	HCMI-CMDC	HCM-CSHL-0241-C18	HCM-CSHL-0241-C18-85A	Tumor	Primary	3D Organoid	Frozen
b3a02b21-38d4-44cc-9c83-2281f99d1563	25edc1a3-9f01-417c-81ff-d68b1d30f10d.rna_seq.augmented_star_gene_counts.tsv	Transcriptome Profiling	Gene Expression Quantification	HCMI-CMDC	HCM-CSHL-0384-D37	HCM-CSHL-0384-D37-31B	Tumor	Premalignant	Solid Tissue	FFPE
f7cdde77-2b6c-4022-a288-c284ef387986	5dab4ca3-595a-400d-adcc-cbc8d0fbf1cf.rna_seq.augmented_star_gene_counts.tsv	Transcriptome Profiling	Gene Expression Quantification	HCMI-CMDC	HCM-SANG-0275-C18	HCM-SANG-0275-C18-85A-01R-A80W-32	Tumor	Primary	3D Organoid	Unknown
5d7584ad-5f3f-4481-8767-2ce7cbe36bf6	eb524656-5204-4362-8a6e-bddeeaf90cd5.rna_seq.augmented_star_gene_counts.tsv	Transcriptome Profiling	Gene Expression Quantification	HCMI-CMDC	HCM-CSHL-0056-C18	HCM-CSHL-0056-C18-85B	Tumor	Primary	3D Organoid	Frozen
7ea6fa92-3ea2-40ce-b87a-a4b772c94a06	befb58d8-96cf-4148-817e-b34b703ba4dd.rna_seq.augmented_star_gene_counts.tsv	Transcriptome Profiling	Gene Expression Quantification	HCMI-CMDC	HCM-SANG-0267-D12	HCM-SANG-0267-D12-85A-01R-A80W-32	Tumor	Premalignant	3D Organoid	Unknown
10e6418e-177b-401a-aef6-6027e93cc578	4395d11f-c399-4755-8cc1-bd43bd5a8e29.rna_seq.augmented_star_gene_counts.tsv	Transcriptome Profiling	Gene Expression Quantification	HCMI-CMDC	HCM-CSHL-0141-C18	HCM-CSHL-0141-C18-85A	Tumor	Primary	3D Organoid	Frozen
80d0adea-d970-4f97-ac83-122084c727a7	83469f59-71bf-4fc6-9c63-2aabafbab000.rna_seq.augmented_star_gene_counts.tsv	Transcriptome Profiling	Gene Expression Quantification	HCMI-CMDC	HCM-CSHL-0064-C18	HCM-CSHL-0064-C18-85A	Tumor	Primary	3D Organoid	Frozen
4af6b1bd-719b-45ad-8128-ba4b8eb5a935	f8c28e6e-002f-4f05-88ac-d1311f27d4a9.rna_seq.augmented_star_gene_counts.tsv	Transcriptome Profiling	Gene Expression Quantification	HCMI-CMDC	HCM-SANG-0269-C18	HCM-SANG-0269-C18-85A-01R-A80W-32	Tumor	Primary	3D Organoid	Unknown
895a9e3b-673f-4bfb-a4ff-f5a102ebeb9d	863184f8-c7ce-4e48-999b-909de6655929.rna_seq.augmented_star_gene_counts.tsv	Transcriptome Profiling	Gene Expression Quantification	HCMI-CMDC	HCM-SANG-0265-C18	HCM-SANG-0265-C18-06A	Tumor	Metastatic	Solid Tissue	Frozen
2ac6cf84-8996-435e-b20c-5160759510f5	0843782e-4e9d-49d4-a61d-396b34532e29.rna_seq.augmented_star_gene_counts.tsv	Transcriptome Profiling	Gene Expression Quantification	HCMI-CMDC	HCM-SANG-0271-D12	HCM-SANG-0271-D12-85A	Tumor	Primary	3D Organoid	Frozen
095eff70-3dda-4bea-a756-0cb73509f108	1a9c8a2f-976f-4d2a-a4f7-be0579b6ae2e.rna_seq.augmented_star_gene_counts.tsv	Transcriptome Profiling	Gene Expression Quantification	HCMI-CMDC	HCM-SANG-0288-C18	HCM-SANG-0288-C18-85A-01R-A80W-32	Tumor	Primary	3D Organoid	Unknown
740332f0-d7c1-4739-9502-78e473c64740	95ae0e54-4381-438d-8451-a59f46ad6b01.rna_seq.augmented_star_gene_counts.tsv	Transcriptome Profiling	Gene Expression Quantification	HCMI-CMDC	HCM-EXPT-1199-C18	HCM-EXPT-1199-C18-01A	Tumor	Primary	Solid Tissue	Frozen
bbd73309-01f5-4cbe-8e67-db0fcb728738	f8737e68-cbbb-4051-84a7-4a65fa131e5e.rna_seq.augmented_star_gene_counts.tsv	Transcriptome Profiling	Gene Expression Quantification	HCMI-CMDC	HCM-EXPT-0970-C18	HCM-EXPT-0970-C18-01A	Tumor	Primary	Solid Tissue	Frozen
41bfdd27-c95e-48a1-9ea2-b3b3d9aacc97	e29fd2d6-0fc7-4a3d-aa53-3b77f0446f9a.rna_seq.augmented_star_gene_counts.tsv	Transcriptome Profiling	Gene Expression Quantification	HCMI-CMDC	HCM-CSHL-0056-C18	HCM-CSHL-0056-C18-01B	Tumor	Primary	Solid Tissue	FFPE
cfbd7853-ad5c-4771-865e-8b88980374d5	6167bfa2-a838-435e-8e6d-87e7080e08f4.rna_seq.augmented_star_gene_counts.tsv	Transcriptome Profiling	Gene Expression Quantification	HCMI-CMDC	HCM-SANG-0267-D12	HCM-SANG-0267-D12-31A	Tumor	Premalignant	Solid Tissue	Frozen
a562ddd6-b589-4e2b-8790-3eb41603dacc	0909e0c1-eca2-42b8-977d-6ce327ec4c0a.rna_seq.augmented_star_gene_counts.tsv	Transcriptome Profiling	Gene Expression Quantification	HCMI-CMDC	HCM-SANG-0282-C18	HCM-SANG-0282-C18-85A-01R-A80W-32	Tumor	Primary	3D Organoid	Unknown
0228ad1c-d5ac-4938-9157-4f7738edf233	1016d0b2-d30e-4c8d-bcb5-1a5f0b991f2e.rna_seq.augmented_star_gene_counts.tsv	Transcriptome Profiling	Gene Expression Quantification	HCMI-CMDC	HCM-CSHL-0247-C18	HCM-CSHL-0247-C18-06A	Tumor	Metastatic	Solid Tissue	Frozen
092e27cf-8d90-46cf-bde9-ea000dbe9293	1bdf7825-6cbb-4139-a359-88cb81c8075c.rna_seq.augmented_star_gene_counts.tsv	Transcriptome Profiling	Gene Expression Quantification	HCMI-CMDC	HCM-CSHL-0729-C18	HCM-CSHL-0729-C18-01A	Tumor	Primary	Solid Tissue	Frozen
b3febfa9-3812-41f5-a51e-ef6b61bf2460	bcd0f777-f90b-4391-bf0c-758c157934a0.rna_seq.augmented_star_gene_counts.tsv	Transcriptome Profiling	Gene Expression Quantification	HCMI-CMDC	HCM-CSHL-0729-C18	HCM-CSHL-0729-C18-85A	Tumor	Primary	3D Organoid	Frozen
e2fae914-bd0d-4881-b908-22841ba19e1e	754671db-6c93-458f-b9b3-4cd6b6edc6a7.rna_seq.augmented_star_gene_counts.tsv	Transcriptome Profiling	Gene Expression Quantification	HCMI-CMDC	HCM-CSHL-0064-C18	HCM-CSHL-0064-C18-01A	Tumor	Primary	Solid Tissue	Frozen
189a15c8-98c7-435d-afd1-bd1a366b0912	297bf22d-84aa-40ff-a830-5c711522e255.rna_seq.augmented_star_gene_counts.tsv	Transcriptome Profiling	Gene Expression Quantification	HCMI-CMDC	HCM-SANG-0281-C18	HCM-SANG-0281-C18-85A	Tumor	Primary	3D Organoid	Frozen
e8929a82-9422-49bb-b21d-ddff76e78d3d	2e213c0d-f8a2-4e2a-b10d-77d8a1df5866.rna_seq.augmented_star_gene_counts.tsv	Transcriptome Profiling	Gene Expression Quantification	HCMI-CMDC	HCM-SANG-0281-C18	HCM-SANG-0281-C18-85A-01R-A80W-32	Tumor	Primary	3D Organoid	Unknown
a5944065-f1a6-4ed3-8dfd-632802b8f8ce	21ee56b5-97f5-44fe-8a4b-09484519e65e.rna_seq.augmented_star_gene_counts.tsv	Transcriptome Profiling	Gene Expression Quantification	HCMI-CMDC	HCM-SANG-0269-C18	HCM-SANG-0269-C18-85A	Tumor	Primary	3D Organoid	Frozen
67cbd7d5-b713-4ca5-a659-01cf62df505c	f80b00ae-2007-4a62-9ade-cd1d5996d473.rna_seq.augmented_star_gene_counts.tsv	Transcriptome Profiling	Gene Expression Quantification	HCMI-CMDC	HCM-SANG-0284-C18	HCM-SANG-0284-C18-85A	Tumor	Primary	3D Organoid	Frozen
ccd692f2-ae9d-48ad-8d6d-70385f97420a	5b39ea84-0669-4d2e-a60d-6b409d909833.rna_seq.augmented_star_gene_counts.tsv	Transcriptome Profiling	Gene Expression Quantification	HCMI-CMDC	HCM-SANG-0265-C18	HCM-SANG-0265-C18-85A	Tumor	Metastatic	3D Organoid	Frozen
44a22d7f-4274-447b-bafd-47be42025ace	d3a75656-e8e2-49aa-b302-e7c70497d1ab.rna_seq.augmented_star_gene_counts.tsv	Transcriptome Profiling	Gene Expression Quantification	HCMI-CMDC	HCM-SANG-0265-C18	HCM-SANG-0265-C18-85A-01R-A80W-32	Tumor	Metastatic	3D Organoid	Unknown
aa0d566b-820e-4635-83a5-b601605c67c0	ac822469-3c05-4d2b-8177-b0adaab8e4ce.rna_seq.augmented_star_gene_counts.tsv	Transcriptome Profiling	Gene Expression Quantification	HCMI-CMDC	HCM-SANG-0271-D12	HCM-SANG-0271-D12-85A-01R-A80W-32	Tumor	Premalignant	3D Organoid	Unknown
d3767c7d-e8b2-44cd-9584-fe952e2af87d	0c746b58-4057-4955-b496-022dbc9feda5.rna_seq.augmented_star_gene_counts.tsv	Transcriptome Profiling	Gene Expression Quantification	HCMI-CMDC	HCM-SANG-0273-C18	HCM-SANG-0273-C18-85A-01R-A80W-32	Tumor	Primary	3D Organoid	Unknown
cc66174f-3da1-411c-ba1e-710c09193d89	9a10bbc3-ef58-4ae4-acf7-e2975cdcf2c4.rna_seq.augmented_star_gene_counts.tsv	Transcriptome Profiling	Gene Expression Quantification	HCMI-CMDC	HCM-CSHL-0160-C18	HCM-CSHL-0160-C18-01B	Tumor	Primary	Solid Tissue	FFPE
b69c2c4b-59c7-46b8-8d79-4023081b5d45	388d5011-2e27-49b2-82da-0790335f65b9.rna_seq.augmented_star_gene_counts.tsv	Transcriptome Profiling	Gene Expression Quantification	HCMI-CMDC	HCM-CSHL-0061-C18	HCM-CSHL-0061-C18-01A	Tumor	Primary	Solid Tissue	Frozen
e13db05c-4f9c-4cd8-a2bf-cf25a6612801	7c7bc0c9-181c-43c6-8ed1-77c152f8f36c.rna_seq.augmented_star_gene_counts.tsv	Transcriptome Profiling	Gene Expression Quantification	HCMI-CMDC	HCM-CSHL-0142-C18	HCM-CSHL-0142-C18-85A	Tumor	Primary	3D Organoid	Frozen
ebbc8d10-625b-4d9d-904f-6b0f4d2b557d	0332b50e-e4f0-4903-b905-60c060d63ef8.rna_seq.augmented_star_gene_counts.tsv	Transcriptome Profiling	Gene Expression Quantification	HCMI-CMDC	HCM-CSHL-0061-C18	HCM-CSHL-0061-C18-85A	Tumor	Primary	3D Organoid	Frozen
90f0521e-aad9-41af-b5f4-fbb7a989d545	0ae264ba-2ff7-4125-9a7c-20909f49515c.rna_seq.augmented_star_gene_counts.tsv	Transcriptome Profiling	Gene Expression Quantification	HCMI-CMDC	HCM-CSHL-0382-C19	HCM-CSHL-0382-C19-85A	Tumor	Primary	3D Organoid	Frozen
7c5659b4-8603-4c75-81c8-1d479f8d762e	66b386ff-c968-4ae4-8cae-f9d12c8043c9.rna_seq.augmented_star_gene_counts.tsv	Transcriptome Profiling	Gene Expression Quantification	HCMI-CMDC	HCM-CSHL-0057-C18	HCM-CSHL-0057-C18-85B	Tumor	Primary	3D Organoid	Frozen
e6a92bc0-16a4-4c2e-9507-228debb50ad6	88d2fa3b-e72f-4ef2-b8b7-b63f733940fc.rna_seq.augmented_star_gene_counts.tsv	Transcriptome Profiling	Gene Expression Quantification	HCMI-CMDC	HCM-CSHL-0057-C18	HCM-CSHL-0057-C18-01B	Tumor	Primary	Solid Tissue	FFPE
57d940aa-7fca-4d0a-b471-d0ce0d06a3a3	7b8e1955-5a2b-400d-95f2-7ac6e53385dc.rna_seq.augmented_star_gene_counts.tsv	Transcriptome Profiling	Gene Expression Quantification	HCMI-CMDC	HCM-SANG-0285-C18	HCM-SANG-0285-C18-85A	Tumor	Primary	3D Organoid	Frozen
fa8437f1-e5a4-4aa9-a233-424dc3303880	511c5323-dad1-401c-bf3f-091c9e873c8c.rna_seq.augmented_star_gene_counts.tsv	Transcriptome Profiling	Gene Expression Quantification	HCMI-CMDC	HCM-CSHL-0063-C18	HCM-CSHL-0063-C18-01A	Tumor	Primary	Solid Tissue	Frozen
a7629665-cecb-46cd-acc7-a4fecee2ee5c	8dc28bdf-57a2-4da4-9da8-db322cc77825.rna_seq.augmented_star_gene_counts.tsv	Transcriptome Profiling	Gene Expression Quantification	HCMI-CMDC	HCM-CSHL-0060-C18	HCM-CSHL-0060-C18-01B	Tumor	Primary	Solid Tissue	FFPE
5caf8b8c-95c4-4dd6-994b-04bba4b12bae	05f9e2db-3cb8-4f3a-b98f-45b712bf3465.rna_seq.augmented_star_gene_counts.tsv	Transcriptome Profiling	Gene Expression Quantification	HCMI-CMDC	HCM-CSHL-0384-D37	HCM-CSHL-0384-D37-85P	Tumor	Unknown	3D Organoid	Frozen
fbfcb42c-bf3b-4b4e-95f9-a4f171593c2e	21cc2b8f-d7bd-4502-a05a-76c589edc824.rna_seq.augmented_star_gene_counts.tsv	Transcriptome Profiling	Gene Expression Quantification	HCMI-CMDC	HCM-CSHL-0060-C18	HCM-CSHL-0060-C18-85A	Tumor	Primary	3D Organoid	Frozen
a23746ae-2336-482d-bf2f-b349f6ec3a1b	d046d425-429e-4ad7-8256-c76904dd7550.rna_seq.augmented_star_gene_counts.tsv	Transcriptome Profiling	Gene Expression Quantification	HCMI-CMDC	HCM-CSHL-0727-C18	HCM-CSHL-0727-C18-85M	Tumor	Metastatic	3D Organoid	Frozen
fb6918c8-1bb0-45a3-9326-817ab285241d	01c2bca0-b544-4289-82ff-4aaa0d9f05dc.rna_seq.augmented_star_gene_counts.tsv	Transcriptome Profiling	Gene Expression Quantification	HCMI-CMDC	HCM-CSHL-0618-C18	HCM-CSHL-0618-C18-85M	Tumor	Metastatic	3D Organoid	Frozen
740a5a42-2147-4490-a6b8-8d587152988d	e72f2916-8208-4683-a304-accdaf5c19a6.rna_seq.augmented_star_gene_counts.tsv	Transcriptome Profiling	Gene Expression Quantification	HCMI-CMDC	HCM-CSHL-0618-C18	HCM-CSHL-0618-C18-06A	Tumor	Metastatic	Solid Tissue	Frozen
f159ba1c-a0ca-42bc-af2b-301ca5ca0aa4	0ba9fe8e-723c-42d3-b8ab-9957eac63455.rna_seq.augmented_star_gene_counts.tsv	Transcriptome Profiling	Gene Expression Quantification	HCMI-CMDC	HCM-WCMC-1344-C18	HCM-WCMC-1344-C18-01A	Tumor	Primary	Solid Tissue	FFPE
3f1654cd-e9f7-4aef-ab37-92612c79d71e	0cefa99a-2aba-44f6-b9d0-cdd51024f280.rna_seq.augmented_star_gene_counts.tsv	Transcriptome Profiling	Gene Expression Quantification	HCMI-CMDC	HCM-SANG-1311-C18	HCM-SANG-1311-C18-85A-01R-A80W-32	Tumor	Primary	3D Organoid	Frozen
7d765b7e-c9af-461a-9d8d-8193223818b7	28fc7a8d-ddb6-4ec2-8212-fcc10ca3d218.rna_seq.augmented_star_gene_counts.tsv	Transcriptome Profiling	Gene Expression Quantification	HCMI-CMDC	HCM-SANG-1335-C18	HCM-SANG-1335-C18-85A-01R-A80W-32	Tumor	Primary	3D Organoid	Frozen
f14773a9-22f3-47ef-8529-913e8017295d	8ef4d8cf-172d-49b4-955f-bc0b548dd29f.rna_seq.augmented_star_gene_counts.tsv	Transcriptome Profiling	Gene Expression Quantification	HCMI-CMDC	HCM-EXPT-0983-C18	HCM-EXPT-0983-C18-01A	Tumor	Primary	Solid Tissue	Frozen
7c2379d1-6125-41c7-92b4-28790d601882	5db51d4d-9844-4ca9-b1b9-e589419b9dc8.rna_seq.augmented_star_gene_counts.tsv	Transcriptome Profiling	Gene Expression Quantification	HCMI-CMDC	HCM-CSHL-0621-C18	HCM-CSHL-0621-C18-85M	Tumor	Metastatic	3D Organoid	Frozen
83c5a58c-d3b9-4414-bf30-b096e1931dba	54ffbbac-53dd-4820-9141-5e7880278177.rna_seq.augmented_star_gene_counts.tsv	Transcriptome Profiling	Gene Expression Quantification	HCMI-CMDC	HCM-CSHL-0625-C18	HCM-CSHL-0625-C18-06A	Tumor	Metastatic	Solid Tissue	Frozen
b4b5d750-bb95-4497-9a03-2406f445ee44	2e2452b4-1f1a-4775-8d01-8c86e7070d86.rna_seq.augmented_star_gene_counts.tsv	Transcriptome Profiling	Gene Expression Quantification	HCMI-CMDC	HCM-CSHL-0625-C18	HCM-CSHL-0625-C18-85M	Tumor	Metastatic	3D Organoid	Frozen
af21fcca-daa6-482e-a4b7-508646b5826d	7917a7f7-9260-4fcf-a5cb-45c3b84b230d.rna_seq.augmented_star_gene_counts.tsv	Transcriptome Profiling	Gene Expression Quantification	HCMI-CMDC	HCM-CSHL-0860-C18	HCM-CSHL-0860-C18-06A	Tumor	Metastatic	Solid Tissue	Frozen
c61974cb-f1c7-4532-8507-206157d686c5	54ae7683-60ea-4e9d-b5cd-010b9614777e.rna_seq.augmented_star_gene_counts.tsv	Transcriptome Profiling	Gene Expression Quantification	HCMI-CMDC	HCM-CSHL-0860-C18	HCM-CSHL-0860-C18-85M	Tumor	Metastatic	3D Organoid	Frozen
beca1031-f227-4216-92cc-483625769bcf	0e148692-eeb7-43c9-b5dc-0e124c51cf89.rna_seq.augmented_star_gene_counts.tsv	Transcriptome Profiling	Gene Expression Quantification	HCMI-CMDC	HCM-EXPT-1219-C18	HCM-EXPT-1219-C18-01A	Tumor	Primary	Solid Tissue	Frozen
026ef93a-0526-40db-813b-79ef492bb7e0	8da3f3b2-ac20-416a-9238-8baced11504f.rna_seq.augmented_star_gene_counts.tsv	Transcriptome Profiling	Gene Expression Quantification	HCMI-CMDC	HCM-EXPT-1221-C18	HCM-EXPT-1221-C18-01A	Tumor	Primary	Solid Tissue	Frozen
8304b0e7-7f16-4b43-8efc-e855ebc4cd45	22112ee8-4879-41d9-9c52-dbfc552d97be.rna_seq.augmented_star_gene_counts.tsv	Transcriptome Profiling	Gene Expression Quantification	HCMI-CMDC	HCM-EXPT-1242-C18	HCM-EXPT-1242-C18-01A	Tumor	Primary	Solid Tissue	Frozen
db594128-684d-4995-9875-2969b08ea5aa	2f06bdb6-e011-4033-bed0-c891a171e8d2.rna_seq.augmented_star_gene_counts.tsv	Transcriptome Profiling	Gene Expression Quantification	HCMI-CMDC	HCM-EXPT-1198-C18	HCM-EXPT-1198-C18-01A	Tumor	Primary	Solid Tissue	Frozen
745870e9-b95d-4cf4-9061-1da5c95717e0	9e1a4366-2799-456a-85f1-20ada1e9e9a1.rna_seq.augmented_star_gene_counts.tsv	Transcriptome Profiling	Gene Expression Quantification	HCMI-CMDC	HCM-EXPT-1196-C18	HCM-EXPT-1196-C18-01A	Tumor	Primary	Solid Tissue	Frozen
50ca8ab3-b99f-45e3-9a5c-b4ae259984c3	f84ae70b-1d09-40b5-a8fc-d9d2f413e123.rna_seq.augmented_star_gene_counts.tsv	Transcriptome Profiling	Gene Expression Quantification	HCMI-CMDC	HCM-SANG-1327-C18	HCM-SANG-1327-C18-85A-01R-A80W-32	Tumor	Primary	3D Organoid	Frozen
bab571a8-8439-40b6-8e1a-8f87a158d4f8	766d7796-203a-45e4-99b6-a5ea8878b0a5.rna_seq.augmented_star_gene_counts.tsv	Transcriptome Profiling	Gene Expression Quantification	HCMI-CMDC	HCM-EXPT-1047-C18	HCM-EXPT-1047-C18-06A	Tumor	Metastatic	Solid Tissue	Frozen
73e70115-52b1-4730-8180-4fa262a67b6d	0444c4d1-3b12-4533-8fc8-57f7d8110200.rna_seq.augmented_star_gene_counts.tsv	Transcriptome Profiling	Gene Expression Quantification	HCMI-CMDC	HCM-EXPT-1064-C18	HCM-EXPT-1064-C18-01A	Tumor	Primary	Solid Tissue	Frozen
3ea51054-20cd-4222-9839-93e1222d7d41	32c8feb3-894b-456c-87f9-68a0ae878be8.rna_seq.augmented_star_gene_counts.tsv	Transcriptome Profiling	Gene Expression Quantification	HCMI-CMDC	HCM-EXPT-1239-C18	HCM-EXPT-1239-C18-01A	Tumor	Primary	Solid Tissue	Frozen
22a696f3-16af-40bd-80da-aa30a19ce657	644bcc0d-4106-41c1-b352-49d4ac9ade0c.rna_seq.augmented_star_gene_counts.tsv	Transcriptome Profiling	Gene Expression Quantification	HCMI-CMDC	HCM-EXPT-1205-C18	HCM-EXPT-1205-C18-06A	Tumor	Metastatic	Solid Tissue	Frozen
b2e0f2d7-e1f1-43c0-8560-fade93a65e45	30609a11-3e6a-4cab-a5f0-63444c332f40.rna_seq.augmented_star_gene_counts.tsv	Transcriptome Profiling	Gene Expression Quantification	HCMI-CMDC	HCM-WCMC-0671-C18	HCM-WCMC-0671-C18-01A	Tumor	Primary	Solid Tissue	FFPE
08aa3e7b-fe70-48ed-85d6-7ba711cc7e26	6b789883-575e-41c9-9c45-a208763efabd.rna_seq.augmented_star_gene_counts.tsv	Transcriptome Profiling	Gene Expression Quantification	HCMI-CMDC	HCM-EXPT-1197-C18	HCM-EXPT-1197-C18-06A	Tumor	Metastatic	Solid Tissue	Frozen
87bce9b6-1cce-4c61-aab3-7d9270b83110	fc575790-6e13-45fa-ba4a-d148517cc66f.rna_seq.augmented_star_gene_counts.tsv	Transcriptome Profiling	Gene Expression Quantification	HCMI-CMDC	HCM-EXPT-1228-C18	HCM-EXPT-1228-C18-01A	Tumor	Primary	Solid Tissue	Frozen
2091f287-34d4-4e4f-b0bf-37d293944dad	7cc2e818-8324-4bec-a2d6-48ca1c5bab11.rna_seq.augmented_star_gene_counts.tsv	Transcriptome Profiling	Gene Expression Quantification	HCMI-CMDC	HCM-SANG-1321-C18	HCM-SANG-1321-C18-85A-01R-A80W-32	Tumor	Primary	3D Organoid	Frozen
2493dd4a-cfcb-4495-860f-6b0bccff3a59	278674d3-be7b-4964-9a46-b9f3d4521068.rna_seq.augmented_star_gene_counts.tsv	Transcriptome Profiling	Gene Expression Quantification	HCMI-CMDC	HCM-CSHL-1097-C18	HCM-CSHL-1097-C18-85A	Tumor	Metastatic	3D Organoid	Frozen
0b5c2e5e-f136-46b3-b6e6-b10a4e194c77	6de96bdb-822c-4bac-b281-ce853b682b72.rna_seq.augmented_star_gene_counts.tsv	Transcriptome Profiling	Gene Expression Quantification	HCMI-CMDC	HCM-SANG-1316-C18	HCM-SANG-1316-C18-85A-01R-A80W-32	Tumor	Metastatic	3D Organoid	Frozen
2770e9ff-dbe6-4758-80f9-86d0f3161ec9	f5783d03-7eb9-4fe8-90c2-b2c47a5a7df9.rna_seq.augmented_star_gene_counts.tsv	Transcriptome Profiling	Gene Expression Quantification	HCMI-CMDC	HCM-CSHL-0863-C18	HCM-CSHL-0863-C18-85A	Tumor	Metastatic	3D Organoid	Frozen
d93c23f0-9907-413b-bb83-ec851bd7cf7e	61aab01f-2cb6-4cd4-bddf-f20d34fd38ea.rna_seq.augmented_star_gene_counts.tsv	Transcriptome Profiling	Gene Expression Quantification	HCMI-CMDC	HCM-SANG-1314-C18	HCM-SANG-1314-C18-85A-01R-A80W-32	Tumor	Primary	3D Organoid	Frozen
bc481ef0-39db-4068-8371-d7272071cfe9	b7f4c159-fe31-4f64-a8f2-44d033b898a6.rna_seq.augmented_star_gene_counts.tsv	Transcriptome Profiling	Gene Expression Quantification	HCMI-CMDC	HCM-EXPT-1060-C18	HCM-EXPT-1060-C18-01A	Tumor	Primary	Solid Tissue	Frozen
729b8b11-635f-4969-aaa6-101b8925fd14	2f83e838-3881-4124-aa10-2010b732b0a1.rna_seq.augmented_star_gene_counts.tsv	Transcriptome Profiling	Gene Expression Quantification	HCMI-CMDC	HCM-BROD-0959-C18	HCM-BROD-0959-C18-85B	Tumor	Metastatic	3D Organoid	Frozen
19f71d13-85be-4ed3-aee1-a963c2d448e9	5a8fe49a-9083-4656-b1d1-f3ac20562b06.rna_seq.augmented_star_gene_counts.tsv	Transcriptome Profiling	Gene Expression Quantification	HCMI-CMDC	HCM-EXPT-1250-C18	HCM-EXPT-1250-C18-01A	Tumor	Primary	Solid Tissue	Frozen
c55851ef-2662-445a-8a3d-b47cc85bc836	ca6ae337-762a-488b-b4ab-0c8f154a6291.rna_seq.augmented_star_gene_counts.tsv	Transcriptome Profiling	Gene Expression Quantification	HCMI-CMDC	HCM-EXPT-0974-C18	HCM-EXPT-0974-C18-01A	Tumor	Primary	Solid Tissue	Frozen
3260ea89-f4a3-4af2-a157-4118554efa7b	9d54496c-1a0d-42c6-b08f-9aeb34801edc.rna_seq.augmented_star_gene_counts.tsv	Transcriptome Profiling	Gene Expression Quantification	HCMI-CMDC	HCM-EXPT-0991-C18	HCM-EXPT-0991-C18-01A	Tumor	Primary	Solid Tissue	Frozen
fc2e9114-73fb-48e5-a389-c19e56546dd2	4bbcafef-2f85-4a20-ae18-52a00dc1a23d.rna_seq.augmented_star_gene_counts.tsv	Transcriptome Profiling	Gene Expression Quantification	HCMI-CMDC	HCM-CSHL-0878-C18	HCM-CSHL-0878-C18-06A	Tumor	Metastatic	Solid Tissue	Frozen
06fa4452-b9f3-4582-a2b5-c73b344ff11b	82e173c4-5466-41ba-8d80-66b6b36e3b69.rna_seq.augmented_star_gene_counts.tsv	Transcriptome Profiling	Gene Expression Quantification	HCMI-CMDC	HCM-EXPT-1194-C18	HCM-EXPT-1194-C18-01A	Tumor	Primary	Solid Tissue	Frozen
cb69f412-bfe1-40be-83df-bb21d8bdadb8	6a7c2eac-10ea-4484-b6c4-4d7a81cdad89.rna_seq.augmented_star_gene_counts.tsv	Transcriptome Profiling	Gene Expression Quantification	HCMI-CMDC	HCM-BROD-0959-C18	HCM-BROD-0959-C18-06A	Tumor	Metastatic	Human Original Cells	Frozen
ff2423ce-5816-46c8-95f1-329b7663c0ca	49d46965-a760-411a-8016-31a607aab3a2.rna_seq.augmented_star_gene_counts.tsv	Transcriptome Profiling	Gene Expression Quantification	HCMI-CMDC	HCM-CSHL-0621-C18	HCM-CSHL-0621-C18-06A	Tumor	Metastatic	Solid Tissue	Frozen
b692bd8a-b87a-4b69-a7b2-0ac276511d0c	0b639a1e-62bb-4a61-b311-5b2b0076c772.rna_seq.augmented_star_gene_counts.tsv	Transcriptome Profiling	Gene Expression Quantification	HCMI-CMDC	HCM-EXPT-1195-C18	HCM-EXPT-1195-C18-01A	Tumor	Primary	Solid Tissue	Frozen
02940d26-58bb-4abf-a6d1-a062942c8fd5	68c35421-24c9-4d6e-9418-10209686bf58.rna_seq.augmented_star_gene_counts.tsv	Transcriptome Profiling	Gene Expression Quantification	HCMI-CMDC	HCM-EXPT-1073-C18	HCM-EXPT-1073-C18-01A	Tumor	Primary	Solid Tissue	Frozen
f401b697-9e7b-4a13-82bc-935185bc8a8e	60d2006e-5527-475a-9f2b-8a2e4e73b447.rna_seq.augmented_star_gene_counts.tsv	Transcriptome Profiling	Gene Expression Quantification	HCMI-CMDC	HCM-CSHL-1269-C18	HCM-CSHL-1269-C18-06A	Tumor	Metastatic	Solid Tissue	Frozen
b5394b4d-909b-4795-8db2-fe13e613b282	f71b135c-ace4-48f2-9cf5-29dd92b0aad7.rna_seq.augmented_star_gene_counts.tsv	Transcriptome Profiling	Gene Expression Quantification	HCMI-CMDC	HCM-CSHL-1269-C18	HCM-CSHL-1269-C18-85M	Tumor	Metastatic	3D Organoid	Frozen
83945d3d-dced-4fdb-982d-726490a63d1e	3a575817-bbf9-40d5-80d2-c4c0caa5c706.rna_seq.augmented_star_gene_counts.tsv	Transcriptome Profiling	Gene Expression Quantification	HCMI-CMDC	HCM-EXPT-1247-C18	HCM-EXPT-1247-C18-01A	Tumor	Primary	Solid Tissue	Frozen
09df2334-dc14-46ba-9e3d-1e51e45fe91a	29948241-17cb-46ec-bec8-0eeaae9689e1.rna_seq.augmented_star_gene_counts.tsv	Transcriptome Profiling	Gene Expression Quantification	HCMI-CMDC	HCM-EXPT-1220-C18	HCM-EXPT-1220-C18-01A	Tumor	Primary	Solid Tissue	Frozen
ea6151cb-ad2a-4564-a128-c6b3540ac185	45b8420f-4af2-4b0f-8ebd-b351ee923e3b.rna_seq.augmented_star_gene_counts.tsv	Transcriptome Profiling	Gene Expression Quantification	HCMI-CMDC	HCM-SANG-1339-C18	HCM-SANG-1339-C18-85A-01R-A80W-32	Tumor	Primary	3D Organoid	Frozen
ab73b48c-14f5-48a8-8b5f-1b027cf39f4c	37616e77-3318-4194-a5fc-f38fcb98de14.rna_seq.augmented_star_gene_counts.tsv	Transcriptome Profiling	Gene Expression Quantification	HCMI-CMDC	HCM-EXPT-1252-C18	HCM-EXPT-1252-C18-01A	Tumor	Primary	Solid Tissue	Frozen
5c0022a5-e532-4ef1-9a9f-2b1e3d2e98ab	e2080c22-41e2-4591-86ed-89076e073f11.rna_seq.augmented_star_gene_counts.tsv	Transcriptome Profiling	Gene Expression Quantification	HCMI-CMDC	HCM-SANG-1315-C18	HCM-SANG-1315-C18-85A-01R-A80W-32	Tumor	Metastatic	3D Organoid	Frozen
4d11569f-74a0-457e-ad97-f9b54c8eb012	52350b20-e7bd-4ed3-afea-05a46fc4d20b.rna_seq.augmented_star_gene_counts.tsv	Transcriptome Profiling	Gene Expression Quantification	HCMI-CMDC	HCM-EXPT-1249-C18	HCM-EXPT-1249-C18-01A	Tumor	Primary	Solid Tissue	Frozen
dc4217dd-85de-4e16-9b82-e95646679725	10be1d47-6f3f-407c-a129-e80263f950c9.rna_seq.augmented_star_gene_counts.tsv	Transcriptome Profiling	Gene Expression Quantification	HCMI-CMDC	HCM-SANG-0277-C18	HCM-SANG-0277-C18-85A-01R-A80W-32	Tumor	Primary	3D Organoid	Unknown
5543e92b-10c5-4512-9fe7-7a22781b3d38	8e2e5e0f-d9af-40f2-bbc6-3feb8f2532e3.rna_seq.augmented_star_gene_counts.tsv	Transcriptome Profiling	Gene Expression Quantification	HCMI-CMDC	HCM-STAN-0841-C18	HCM-STAN-0841-C18-85A	Tumor	Primary	3D Organoid	Frozen
683c7b05-7d58-4d89-9f96-bd826da701cb	e0bba6b7-4b49-4e5f-9ce2-89df746f2d75.rna_seq.augmented_star_gene_counts.tsv	Transcriptome Profiling	Gene Expression Quantification	HCMI-CMDC	HCM-CSHL-0239-C18	HCM-CSHL-0239-C18-01A	Tumor	Primary	Solid Tissue	Frozen
14f2af3f-22ea-43f2-831b-0e454c5af104	9ca69660-8886-44ef-96cc-fdb150fc0a00.rna_seq.augmented_star_gene_counts.tsv	Transcriptome Profiling	Gene Expression Quantification	HCMI-CMDC	HCM-EXPT-1261-C18	HCM-EXPT-1261-C18-01A	Tumor	Primary	Solid Tissue	Frozen
b8a23ff9-08c0-4def-91b1-4c30f3992aaf	79aac4b4-e67a-453a-a0e7-6333d74b8f9f.rna_seq.augmented_star_gene_counts.tsv	Transcriptome Profiling	Gene Expression Quantification	HCMI-CMDC	HCM-CSHL-0239-C18	HCM-CSHL-0239-C18-85A	Tumor	Primary	3D Organoid	Frozen
30729813-578d-4d8e-bf75-90a76298ac24	9717b760-47a4-4d3d-b406-02511589aab7.rna_seq.augmented_star_gene_counts.tsv	Transcriptome Profiling	Gene Expression Quantification	HCMI-CMDC	HCM-EXPT-0996-C18	HCM-EXPT-0996-C18-01A	Tumor	Primary	Solid Tissue	Frozen
4d8d2a86-fcb1-4294-a621-3039dde79d29	21272596-c2e3-43e4-83af-1eed2390c6b9.rna_seq.augmented_star_gene_counts.tsv	Transcriptome Profiling	Gene Expression Quantification	HCMI-CMDC	HCM-EXPT-1253-C18	HCM-EXPT-1253-C18-01A	Tumor	Primary	Solid Tissue	Frozen
bc3f4bc7-5168-4e78-90b0-a0c2c99c9f82	06914ec9-1ed8-45ca-a617-1581ace8f1c1.rna_seq.augmented_star_gene_counts.tsv	Transcriptome Profiling	Gene Expression Quantification	HCMI-CMDC	HCM-SANG-1332-C18	HCM-SANG-1332-C18-85A-01R-A80W-32	Tumor	Primary	3D Organoid	Frozen
59cd645e-2ecd-44aa-82f3-86bc0e258355	4c718361-7d6e-4c7f-b3bc-7af0fd97e143.rna_seq.augmented_star_gene_counts.tsv	Transcriptome Profiling	Gene Expression Quantification	HCMI-CMDC	HCM-CSHL-0878-C18	HCM-CSHL-0878-C18-85A	Tumor	Metastatic	3D Organoid	Frozen
19b2a650-7288-44b2-a1a7-e22dc5663565	79d6f5e8-05a0-45de-8bb4-f3440cfddc03.rna_seq.augmented_star_gene_counts.tsv	Transcriptome Profiling	Gene Expression Quantification	HCMI-CMDC	HCM-EXPT-1016-C18	HCM-EXPT-1016-C18-01A	Tumor	Primary	Solid Tissue	Frozen
a8439214-f812-4ec9-be97-b3902d14c068	39abd011-c493-4a36-ac44-96105885baa3.rna_seq.augmented_star_gene_counts.tsv	Transcriptome Profiling	Gene Expression Quantification	HCMI-CMDC	HCM-EXPT-1020-C18	HCM-EXPT-1020-C18-01A	Tumor	Primary	Solid Tissue	Frozen
5b83126f-7eee-4a7c-9c94-6f906597a1c2	5130c257-c6b7-42cd-9049-839a4aadc894.rna_seq.augmented_star_gene_counts.tsv	Transcriptome Profiling	Gene Expression Quantification	HCMI-CMDC	HCM-SANG-1313-C18	HCM-SANG-1313-C18-85A-01R-A80W-32	Tumor	Metastatic	3D Organoid	Frozen
fc35f4c7-23b0-4c0f-b945-6b230111d340	8193cb3c-b82c-4696-b7e6-51c7fb1d6347.rna_seq.augmented_star_gene_counts.tsv	Transcriptome Profiling	Gene Expression Quantification	HCMI-CMDC	HCM-EXPT-1230-C18	HCM-EXPT-1230-C18-01A	Tumor	Primary	Solid Tissue	Frozen
1946a779-36fc-4835-97c2-672a8fd88bd2	9b61fd94-d7ce-434a-bbdc-3af1e8abc17f.rna_seq.augmented_star_gene_counts.tsv	Transcriptome Profiling	Gene Expression Quantification	HCMI-CMDC	HCM-WCMC-1294-C18	HCM-WCMC-1294-C18-85A	Tumor	Primary	3D Organoid	Frozen
2d508acd-2761-4edb-8a4d-262c99dbcc0a	49017cbb-6766-4998-863a-51cf18f81530.rna_seq.augmented_star_gene_counts.tsv	Transcriptome Profiling	Gene Expression Quantification	HCMI-CMDC	HCM-EXPT-1041-C18	HCM-EXPT-1041-C18-01A	Tumor	Primary	Solid Tissue	Frozen
a0327717-7181-4cf7-862c-18e7185d6195	62e69906-d760-4979-95bc-a49e9542890f.rna_seq.augmented_star_gene_counts.tsv	Transcriptome Profiling	Gene Expression Quantification	HCMI-CMDC	HCM-CSHL-0653-C18	HCM-CSHL-0653-C18-85O	Tumor	Metastatic	3D Organoid	Frozen
5ad30f0a-cf6a-43c4-a13a-df505f714a1f	af92b0e5-ea60-4172-9eec-b693edc6b01f.rna_seq.augmented_star_gene_counts.tsv	Transcriptome Profiling	Gene Expression Quantification	HCMI-CMDC	HCM-EXPT-1072-C18	HCM-EXPT-1072-C18-01A	Tumor	Primary	Solid Tissue	Frozen
3e33ab48-12ea-4a35-8b9b-5cc317867081	2050ba9e-d051-4d0c-9461-7d3ebd185c42.rna_seq.augmented_star_gene_counts.tsv	Transcriptome Profiling	Gene Expression Quantification	HCMI-CMDC	HCM-WCMC-1344-C18	HCM-WCMC-1344-C18-85A	Tumor	Primary	3D Organoid	Frozen
